id,domain,aggregator,sensor,axis,value,create_time,test_div_id
75331,time,ECDF_0,IMU,X,3.607920106217168e-06,2023-07-06 13:19:36,95941
75332,time,ECDF_0,IMU,Y,3.607920106217168e-06,2023-07-06 13:19:36,95941
75333,time,ECDF_0,IMU,Z,3.607920106217168e-06,2023-07-06 13:19:36,95941
75334,time,ECDF_0,IMU,GX,3.607920106217168e-06,2023-07-06 13:19:36,95941
75335,time,ECDF_0,IMU,GY,3.607920106217168e-06,2023-07-06 13:19:36,95941
75336,time,ECDF_0,IMU,GZ,3.607920106217168e-06,2023-07-06 13:19:36,95941
75337,time,ECDF_0,ACC,X,2.2584069197588022e-06,2023-07-06 13:19:36,95941
75338,time,ECDF_0,ACC,Y,2.2584069197588022e-06,2023-07-06 13:19:36,95941
75339,time,ECDF_0,ACC,Z,2.2584069197588022e-06,2023-07-06 13:19:36,95941
75340,frequency,ECDF_0,CBM,X,0.0006720430107526882,2023-07-06 13:19:36,95941
75341,frequency,ECDF_0,CBM,Y,0.0006720430107526882,2023-07-06 13:19:36,95941
75342,frequency,ECDF_0,CBM,Z,0.0006720430107526882,2023-07-06 13:19:36,95941
75343,time,ECDF_1,IMU,X,7.215840212434336e-06,2023-07-06 13:19:36,95941
75344,time,ECDF_1,IMU,Y,7.215840212434336e-06,2023-07-06 13:19:36,95941
75345,time,ECDF_1,IMU,Z,7.215840212434336e-06,2023-07-06 13:19:36,95941
75346,time,ECDF_1,IMU,GX,7.215840212434336e-06,2023-07-06 13:19:36,95941
75347,time,ECDF_1,IMU,GY,7.215840212434336e-06,2023-07-06 13:19:36,95941
75348,time,ECDF_1,IMU,GZ,7.215840212434336e-06,2023-07-06 13:19:36,95941
75349,time,ECDF_1,ACC,X,4.5168138395176045e-06,2023-07-06 13:19:36,95941
75350,time,ECDF_1,ACC,Y,4.5168138395176045e-06,2023-07-06 13:19:36,95941
75351,time,ECDF_1,ACC,Z,4.5168138395176045e-06,2023-07-06 13:19:36,95941
75352,frequency,ECDF_1,CBM,X,0.0013440860215053765,2023-07-06 13:19:36,95941
75353,frequency,ECDF_1,CBM,Y,0.0013440860215053765,2023-07-06 13:19:36,95941
75354,frequency,ECDF_1,CBM,Z,0.0013440860215053765,2023-07-06 13:19:36,95941
75355,time,ECDF_2,IMU,X,1.0823760318651505e-05,2023-07-06 13:19:36,95941
75356,time,ECDF_2,IMU,Y,1.0823760318651505e-05,2023-07-06 13:19:36,95941
75357,time,ECDF_2,IMU,Z,1.0823760318651505e-05,2023-07-06 13:19:36,95941
75358,time,ECDF_2,IMU,GX,1.0823760318651505e-05,2023-07-06 13:19:36,95941
75359,time,ECDF_2,IMU,GY,1.0823760318651505e-05,2023-07-06 13:19:36,95941
75360,time,ECDF_2,IMU,GZ,1.0823760318651505e-05,2023-07-06 13:19:36,95941
75361,time,ECDF_2,ACC,X,6.775220759276407e-06,2023-07-06 13:19:36,95941
75362,time,ECDF_2,ACC,Y,6.775220759276407e-06,2023-07-06 13:19:36,95941
75363,time,ECDF_2,ACC,Z,6.775220759276407e-06,2023-07-06 13:19:36,95941
75364,frequency,ECDF_2,CBM,X,0.0020161290322580645,2023-07-06 13:19:36,95941
75365,frequency,ECDF_2,CBM,Y,0.0020161290322580645,2023-07-06 13:19:36,95941
75366,frequency,ECDF_2,CBM,Z,0.0020161290322580645,2023-07-06 13:19:36,95941
75367,time,ECDF_3,IMU,X,1.4431680424868672e-05,2023-07-06 13:19:36,95941
75368,time,ECDF_3,IMU,Y,1.4431680424868672e-05,2023-07-06 13:19:36,95941
75369,time,ECDF_3,IMU,Z,1.4431680424868672e-05,2023-07-06 13:19:36,95941
75370,time,ECDF_3,IMU,GX,1.4431680424868672e-05,2023-07-06 13:19:36,95941
75371,time,ECDF_3,IMU,GY,1.4431680424868672e-05,2023-07-06 13:19:36,95941
75372,time,ECDF_3,IMU,GZ,1.4431680424868672e-05,2023-07-06 13:19:36,95941
75373,time,ECDF_3,ACC,X,9.033627679035209e-06,2023-07-06 13:19:36,95941
75374,time,ECDF_3,ACC,Y,9.033627679035209e-06,2023-07-06 13:19:36,95941
75375,time,ECDF_3,ACC,Z,9.033627679035209e-06,2023-07-06 13:19:36,95941
75376,frequency,ECDF_3,CBM,X,0.002688172043010753,2023-07-06 13:19:36,95941
75377,frequency,ECDF_3,CBM,Y,0.002688172043010753,2023-07-06 13:19:36,95941
75378,frequency,ECDF_3,CBM,Z,0.002688172043010753,2023-07-06 13:19:36,95941
75379,time,ECDF_4,IMU,X,1.803960053108584e-05,2023-07-06 13:19:36,95941
75380,time,ECDF_4,IMU,Y,1.803960053108584e-05,2023-07-06 13:19:36,95941
75381,time,ECDF_4,IMU,Z,1.803960053108584e-05,2023-07-06 13:19:36,95941
75382,time,ECDF_4,IMU,GX,1.803960053108584e-05,2023-07-06 13:19:36,95941
75383,time,ECDF_4,IMU,GY,1.803960053108584e-05,2023-07-06 13:19:36,95941
75384,time,ECDF_4,IMU,GZ,1.803960053108584e-05,2023-07-06 13:19:36,95941
75385,time,ECDF_4,ACC,X,1.129203459879401e-05,2023-07-06 13:19:36,95941
75386,time,ECDF_4,ACC,Y,1.129203459879401e-05,2023-07-06 13:19:36,95941
75387,time,ECDF_4,ACC,Z,1.129203459879401e-05,2023-07-06 13:19:36,95941
75388,frequency,ECDF_4,CBM,X,0.003360215053763441,2023-07-06 13:19:36,95941
75389,frequency,ECDF_4,CBM,Y,0.003360215053763441,2023-07-06 13:19:36,95941
75390,frequency,ECDF_4,CBM,Z,0.003360215053763441,2023-07-06 13:19:36,95941
75391,time,ECDF_5,IMU,X,2.164752063730301e-05,2023-07-06 13:19:36,95941
75392,time,ECDF_5,IMU,Y,2.164752063730301e-05,2023-07-06 13:19:36,95941
75393,time,ECDF_5,IMU,Z,2.164752063730301e-05,2023-07-06 13:19:36,95941
75394,time,ECDF_5,IMU,GX,2.164752063730301e-05,2023-07-06 13:19:36,95941
75395,time,ECDF_5,IMU,GY,2.164752063730301e-05,2023-07-06 13:19:36,95941
75396,time,ECDF_5,IMU,GZ,2.164752063730301e-05,2023-07-06 13:19:36,95941
75397,time,ECDF_5,ACC,X,1.3550441518552813e-05,2023-07-06 13:19:36,95941
75398,time,ECDF_5,ACC,Y,1.3550441518552813e-05,2023-07-06 13:19:36,95941
75399,time,ECDF_5,ACC,Z,1.3550441518552813e-05,2023-07-06 13:19:36,95941
75400,frequency,ECDF_5,CBM,X,0.004032258064516129,2023-07-06 13:19:36,95941
75401,frequency,ECDF_5,CBM,Y,0.004032258064516129,2023-07-06 13:19:36,95941
75402,frequency,ECDF_5,CBM,Z,0.004032258064516129,2023-07-06 13:19:36,95941
75403,time,ECDF_6,IMU,X,2.5255440743520176e-05,2023-07-06 13:19:36,95941
75404,time,ECDF_6,IMU,Y,2.5255440743520176e-05,2023-07-06 13:19:36,95941
75405,time,ECDF_6,IMU,Z,2.5255440743520176e-05,2023-07-06 13:19:36,95941
75406,time,ECDF_6,IMU,GX,2.5255440743520176e-05,2023-07-06 13:19:36,95941
75407,time,ECDF_6,IMU,GY,2.5255440743520176e-05,2023-07-06 13:19:36,95941
75408,time,ECDF_6,IMU,GZ,2.5255440743520176e-05,2023-07-06 13:19:36,95941
75409,time,ECDF_6,ACC,X,1.5808848438311617e-05,2023-07-06 13:19:36,95941
75410,time,ECDF_6,ACC,Y,1.5808848438311617e-05,2023-07-06 13:19:36,95941
75411,time,ECDF_6,ACC,Z,1.5808848438311617e-05,2023-07-06 13:19:36,95941
75412,frequency,ECDF_6,CBM,X,0.004704301075268817,2023-07-06 13:19:36,95941
75413,frequency,ECDF_6,CBM,Y,0.004704301075268817,2023-07-06 13:19:36,95941
75414,frequency,ECDF_6,CBM,Z,0.004704301075268817,2023-07-06 13:19:36,95941
75415,time,ECDF_7,IMU,X,2.8863360849737343e-05,2023-07-06 13:19:36,95941
75416,time,ECDF_7,IMU,Y,2.8863360849737343e-05,2023-07-06 13:19:36,95941
75417,time,ECDF_7,IMU,Z,2.8863360849737343e-05,2023-07-06 13:19:36,95941
75418,time,ECDF_7,IMU,GX,2.8863360849737343e-05,2023-07-06 13:19:36,95941
75419,time,ECDF_7,IMU,GY,2.8863360849737343e-05,2023-07-06 13:19:36,95941
75420,time,ECDF_7,IMU,GZ,2.8863360849737343e-05,2023-07-06 13:19:36,95941
75421,time,ECDF_7,ACC,X,1.8067255358070418e-05,2023-07-06 13:19:36,95941
75422,time,ECDF_7,ACC,Y,1.8067255358070418e-05,2023-07-06 13:19:36,95941
75423,time,ECDF_7,ACC,Z,1.8067255358070418e-05,2023-07-06 13:19:36,95941
75424,frequency,ECDF_7,CBM,X,0.005376344086021506,2023-07-06 13:19:36,95941
75425,frequency,ECDF_7,CBM,Y,0.005376344086021506,2023-07-06 13:19:36,95941
75426,frequency,ECDF_7,CBM,Z,0.005376344086021506,2023-07-06 13:19:36,95941
75427,time,ECDF_8,IMU,X,3.2471280955954514e-05,2023-07-06 13:19:36,95941
75428,time,ECDF_8,IMU,Y,3.2471280955954514e-05,2023-07-06 13:19:36,95941
75429,time,ECDF_8,IMU,Z,3.2471280955954514e-05,2023-07-06 13:19:36,95941
75430,time,ECDF_8,IMU,GX,3.2471280955954514e-05,2023-07-06 13:19:36,95941
75431,time,ECDF_8,IMU,GY,3.2471280955954514e-05,2023-07-06 13:19:36,95941
75432,time,ECDF_8,IMU,GZ,3.2471280955954514e-05,2023-07-06 13:19:36,95941
75433,time,ECDF_8,ACC,X,2.032566227782922e-05,2023-07-06 13:19:36,95941
75434,time,ECDF_8,ACC,Y,2.032566227782922e-05,2023-07-06 13:19:36,95941
75435,time,ECDF_8,ACC,Z,2.032566227782922e-05,2023-07-06 13:19:36,95941
75436,frequency,ECDF_8,CBM,X,0.006048387096774193,2023-07-06 13:19:36,95941
75437,frequency,ECDF_8,CBM,Y,0.006048387096774193,2023-07-06 13:19:36,95941
75438,frequency,ECDF_8,CBM,Z,0.006048387096774193,2023-07-06 13:19:36,95941
75439,time,ECDF_9,IMU,X,3.607920106217168e-05,2023-07-06 13:19:36,95941
75440,time,ECDF_9,IMU,Y,3.607920106217168e-05,2023-07-06 13:19:36,95941
75441,time,ECDF_9,IMU,Z,3.607920106217168e-05,2023-07-06 13:19:36,95941
75442,time,ECDF_9,IMU,GX,3.607920106217168e-05,2023-07-06 13:19:36,95941
75443,time,ECDF_9,IMU,GY,3.607920106217168e-05,2023-07-06 13:19:36,95941
75444,time,ECDF_9,IMU,GZ,3.607920106217168e-05,2023-07-06 13:19:36,95941
75445,time,ECDF_9,ACC,X,2.258406919758802e-05,2023-07-06 13:19:36,95941
75446,time,ECDF_9,ACC,Y,2.258406919758802e-05,2023-07-06 13:19:36,95941
75447,time,ECDF_9,ACC,Z,2.258406919758802e-05,2023-07-06 13:19:36,95941
75448,frequency,ECDF_9,CBM,X,0.006720430107526882,2023-07-06 13:19:36,95941
75449,frequency,ECDF_9,CBM,Y,0.006720430107526882,2023-07-06 13:19:36,95941
75450,frequency,ECDF_9,CBM,Z,0.006720430107526882,2023-07-06 13:19:36,95941
75451,time,ECDF Percentile_0,IMU,X,0.8447265625,2023-07-06 13:19:36,95941
75452,time,ECDF Percentile_0,IMU,Y,-0.02294921875,2023-07-06 13:19:36,95941
75453,time,ECDF Percentile_0,IMU,Z,-0.484375,2023-07-06 13:19:36,95941
75454,time,ECDF Percentile_0,IMU,GX,-1.2626953125,2023-07-06 13:19:36,95941
75455,time,ECDF Percentile_0,IMU,GY,-1.599609375,2023-07-06 13:19:36,95941
75456,time,ECDF Percentile_0,IMU,GZ,0.268798828125,2023-07-06 13:19:36,95941
75457,time,ECDF Percentile_0,ACC,X,0.8359375,2023-07-06 13:19:36,95941
75458,time,ECDF Percentile_0,ACC,Y,-0.078125,2023-07-06 13:19:36,95941
75459,time,ECDF Percentile_0,ACC,Z,-0.5078125,2023-07-06 13:19:36,95941
75460,frequency,ECDF Percentile_0,CBM,X,0.6050234615384615,2023-07-06 13:19:36,95941
75461,frequency,ECDF Percentile_0,CBM,Y,0.007334615384615385,2023-07-06 13:19:36,95941
75462,frequency,ECDF Percentile_0,CBM,Z,0.007334615384615385,2023-07-06 13:19:36,95941
75463,time,ECDF Percentile_1,IMU,X,0.859375,2023-07-06 13:19:36,95941
75464,time,ECDF Percentile_1,IMU,Y,-0.0087890625,2023-07-06 13:19:36,95941
75465,time,ECDF Percentile_1,IMU,Z,-0.4765625,2023-07-06 13:19:36,95941
75466,time,ECDF Percentile_1,IMU,GX,-1.1875,2023-07-06 13:19:36,95941
75467,time,ECDF Percentile_1,IMU,GY,-1.474609375,2023-07-06 13:19:36,95941
75468,time,ECDF Percentile_1,IMU,GZ,0.393798828125,2023-07-06 13:19:36,95941
75469,time,ECDF Percentile_1,ACC,X,0.9375,2023-07-06 13:19:36,95941
75470,time,ECDF Percentile_1,ACC,Y,0.0234375,2023-07-06 13:19:36,95941
75471,time,ECDF Percentile_1,ACC,Z,-0.3828125,2023-07-06 13:19:36,95941
75472,frequency,ECDF Percentile_1,CBM,X,1.3860346153846155,2023-07-06 13:19:36,95941
75473,frequency,ECDF Percentile_1,CBM,Y,0.062342307692307704,2023-07-06 13:19:36,95941
75474,frequency,ECDF Percentile_1,CBM,Z,0.07701153846153846,2023-07-06 13:19:36,95941
75475,time,ECDF Percentile Count_0,IMU,X,55433.0,2023-07-06 13:19:36,95941
75476,time,ECDF Percentile Count_0,IMU,Y,55433.0,2023-07-06 13:19:36,95941
75477,time,ECDF Percentile Count_0,IMU,Z,55433.0,2023-07-06 13:19:36,95941
75478,time,ECDF Percentile Count_0,IMU,GX,55433.0,2023-07-06 13:19:36,95941
75479,time,ECDF Percentile Count_0,IMU,GY,55433.0,2023-07-06 13:19:36,95941
75480,time,ECDF Percentile Count_0,IMU,GZ,55433.0,2023-07-06 13:19:36,95941
75481,time,ECDF Percentile Count_0,ACC,X,88558.0,2023-07-06 13:19:36,95941
75482,time,ECDF Percentile Count_0,ACC,Y,88558.0,2023-07-06 13:19:36,95941
75483,time,ECDF Percentile Count_0,ACC,Z,88558.0,2023-07-06 13:19:36,95941
75484,frequency,ECDF Percentile Count_0,CBM,X,297.0,2023-07-06 13:19:36,95941
75485,frequency,ECDF Percentile Count_0,CBM,Y,297.0,2023-07-06 13:19:36,95941
75486,frequency,ECDF Percentile Count_0,CBM,Z,297.0,2023-07-06 13:19:36,95941
75487,time,ECDF Percentile Count_1,IMU,X,221734.0,2023-07-06 13:19:36,95941
75488,time,ECDF Percentile Count_1,IMU,Y,221734.0,2023-07-06 13:19:36,95941
75489,time,ECDF Percentile Count_1,IMU,Z,221734.0,2023-07-06 13:19:36,95941
75490,time,ECDF Percentile Count_1,IMU,GX,221734.0,2023-07-06 13:19:36,95941
75491,time,ECDF Percentile Count_1,IMU,GY,221734.0,2023-07-06 13:19:36,95941
75492,time,ECDF Percentile Count_1,IMU,GZ,221734.0,2023-07-06 13:19:36,95941
75493,time,ECDF Percentile Count_1,ACC,X,354232.0,2023-07-06 13:19:36,95941
75494,time,ECDF Percentile Count_1,ACC,Y,354232.0,2023-07-06 13:19:36,95941
75495,time,ECDF Percentile Count_1,ACC,Z,354232.0,2023-07-06 13:19:36,95941
75496,frequency,ECDF Percentile Count_1,CBM,X,1190.0,2023-07-06 13:19:36,95941
75497,frequency,ECDF Percentile Count_1,CBM,Y,1190.0,2023-07-06 13:19:36,95941
75498,frequency,ECDF Percentile Count_1,CBM,Z,1190.0,2023-07-06 13:19:36,95941
75499,time,Histogram_0,IMU,X,0.0,2023-07-06 13:19:36,95941
75500,time,Histogram_0,IMU,Y,0.0,2023-07-06 13:19:36,95941
75501,time,Histogram_0,IMU,Z,0.0,2023-07-06 13:19:36,95941
75502,time,Histogram_0,IMU,GX,8.0,2023-07-06 13:19:36,95941
75503,time,Histogram_0,IMU,GY,0.0,2023-07-06 13:19:36,95941
75504,time,Histogram_0,IMU,GZ,0.0,2023-07-06 13:19:36,95941
75505,time,Histogram_0,ACC,X,24.0,2023-07-06 13:19:36,95941
75506,time,Histogram_0,ACC,Y,361.0,2023-07-06 13:19:36,95941
75507,time,Histogram_0,ACC,Z,2597.0,2023-07-06 13:19:36,95941
75508,frequency,Histogram_0,CBM,X,0.0,2023-07-06 13:19:36,95941
75509,frequency,Histogram_0,CBM,Y,0.0,2023-07-06 13:19:36,95941
75510,frequency,Histogram_0,CBM,Z,0.0,2023-07-06 13:19:36,95941
75511,time,Histogram_1,IMU,X,0.0,2023-07-06 13:19:36,95941
75512,time,Histogram_1,IMU,Y,0.0,2023-07-06 13:19:36,95941
75513,time,Histogram_1,IMU,Z,24.0,2023-07-06 13:19:36,95941
75514,time,Histogram_1,IMU,GX,0.0,2023-07-06 13:19:36,95941
75515,time,Histogram_1,IMU,GY,0.0,2023-07-06 13:19:36,95941
75516,time,Histogram_1,IMU,GZ,0.0,2023-07-06 13:19:36,95941
75517,time,Histogram_1,ACC,X,30.0,2023-07-06 13:19:36,95941
75518,time,Histogram_1,ACC,Y,1823.0,2023-07-06 13:19:36,95941
75519,time,Histogram_1,ACC,Z,20070.0,2023-07-06 13:19:36,95941
75520,frequency,Histogram_1,CBM,X,0.0,2023-07-06 13:19:36,95941
75521,frequency,Histogram_1,CBM,Y,0.0,2023-07-06 13:19:36,95941
75522,frequency,Histogram_1,CBM,Z,0.0,2023-07-06 13:19:36,95941
75523,time,Histogram_2,IMU,X,0.0,2023-07-06 13:19:36,95941
75524,time,Histogram_2,IMU,Y,1.0,2023-07-06 13:19:36,95941
75525,time,Histogram_2,IMU,Z,276864.0,2023-07-06 13:19:36,95941
75526,time,Histogram_2,IMU,GX,0.0,2023-07-06 13:19:36,95941
75527,time,Histogram_2,IMU,GY,0.0,2023-07-06 13:19:36,95941
75528,time,Histogram_2,IMU,GZ,0.0,2023-07-06 13:19:36,95941
75529,time,Histogram_2,ACC,X,21.0,2023-07-06 13:19:36,95941
75530,time,Histogram_2,ACC,Y,6210.0,2023-07-06 13:19:36,95941
75531,time,Histogram_2,ACC,Z,309797.0,2023-07-06 13:19:36,95941
75532,frequency,Histogram_2,CBM,X,0.0,2023-07-06 13:19:36,95941
75533,frequency,Histogram_2,CBM,Y,0.0,2023-07-06 13:19:36,95941
75534,frequency,Histogram_2,CBM,Z,0.0,2023-07-06 13:19:36,95941
75535,time,Histogram_3,IMU,X,0.0,2023-07-06 13:19:36,95941
75536,time,Histogram_3,IMU,Y,650.0,2023-07-06 13:19:36,95941
75537,time,Histogram_3,IMU,Z,280.0,2023-07-06 13:19:36,95941
75538,time,Histogram_3,IMU,GX,0.0,2023-07-06 13:19:36,95941
75539,time,Histogram_3,IMU,GY,0.0,2023-07-06 13:19:36,95941
75540,time,Histogram_3,IMU,GZ,0.0,2023-07-06 13:19:36,95941
75541,time,Histogram_3,ACC,X,43.0,2023-07-06 13:19:36,95941
75542,time,Histogram_3,ACC,Y,18921.0,2023-07-06 13:19:36,95941
75543,time,Histogram_3,ACC,Z,100495.0,2023-07-06 13:19:36,95941
75544,frequency,Histogram_3,CBM,X,0.0,2023-07-06 13:19:36,95941
75545,frequency,Histogram_3,CBM,Y,0.0,2023-07-06 13:19:36,95941
75546,frequency,Histogram_3,CBM,Z,0.0,2023-07-06 13:19:36,95941
75547,time,Histogram_4,IMU,X,0.0,2023-07-06 13:19:36,95941
75548,time,Histogram_4,IMU,Y,247674.0,2023-07-06 13:19:36,95941
75549,time,Histogram_4,IMU,Z,0.0,2023-07-06 13:19:36,95941
75550,time,Histogram_4,IMU,GX,0.0,2023-07-06 13:19:36,95941
75551,time,Histogram_4,IMU,GY,0.0,2023-07-06 13:19:36,95941
75552,time,Histogram_4,IMU,GZ,0.0,2023-07-06 13:19:36,95941
75553,time,Histogram_4,ACC,X,49.0,2023-07-06 13:19:36,95941
75554,time,Histogram_4,ACC,Y,233206.0,2023-07-06 13:19:36,95941
75555,time,Histogram_4,ACC,Z,7751.0,2023-07-06 13:19:36,95941
75556,frequency,Histogram_4,CBM,X,0.0,2023-07-06 13:19:36,95941
75557,frequency,Histogram_4,CBM,Y,0.0,2023-07-06 13:19:36,95941
75558,frequency,Histogram_4,CBM,Z,0.0,2023-07-06 13:19:36,95941
75559,time,Histogram_5,IMU,X,0.0,2023-07-06 13:19:36,95941
75560,time,Histogram_5,IMU,Y,28478.0,2023-07-06 13:19:36,95941
75561,time,Histogram_5,IMU,Z,0.0,2023-07-06 13:19:36,95941
75562,time,Histogram_5,IMU,GX,0.0,2023-07-06 13:19:36,95941
75563,time,Histogram_5,IMU,GY,0.0,2023-07-06 13:19:36,95941
75564,time,Histogram_5,IMU,GZ,11360.0,2023-07-06 13:19:36,95941
75565,time,Histogram_5,ACC,X,73.0,2023-07-06 13:19:36,95941
75566,time,Histogram_5,ACC,Y,159648.0,2023-07-06 13:19:36,95941
75567,time,Histogram_5,ACC,Z,980.0,2023-07-06 13:19:36,95941
75568,frequency,Histogram_5,CBM,X,0.0,2023-07-06 13:19:36,95941
75569,frequency,Histogram_5,CBM,Y,1437.0,2023-07-06 13:19:36,95941
75570,frequency,Histogram_5,CBM,Z,1447.0,2023-07-06 13:19:36,95941
75571,time,Histogram_6,IMU,X,0.0,2023-07-06 13:19:36,95941
75572,time,Histogram_6,IMU,Y,365.0,2023-07-06 13:19:36,95941
75573,time,Histogram_6,IMU,Z,0.0,2023-07-06 13:19:36,95941
75574,time,Histogram_6,IMU,GX,0.0,2023-07-06 13:19:36,95941
75575,time,Histogram_6,IMU,GY,0.0,2023-07-06 13:19:36,95941
75576,time,Histogram_6,IMU,GZ,220456.0,2023-07-06 13:19:36,95941
75577,time,Histogram_6,ACC,X,552.0,2023-07-06 13:19:36,95941
75578,time,Histogram_6,ACC,Y,15334.0,2023-07-06 13:19:36,95941
75579,time,Histogram_6,ACC,Z,89.0,2023-07-06 13:19:36,95941
75580,frequency,Histogram_6,CBM,X,18.0,2023-07-06 13:19:36,95941
75581,frequency,Histogram_6,CBM,Y,40.0,2023-07-06 13:19:36,95941
75582,frequency,Histogram_6,CBM,Z,38.0,2023-07-06 13:19:36,95941
75583,time,Histogram_7,IMU,X,7.0,2023-07-06 13:19:36,95941
75584,time,Histogram_7,IMU,Y,0.0,2023-07-06 13:19:36,95941
75585,time,Histogram_7,IMU,Z,0.0,2023-07-06 13:19:36,95941
75586,time,Histogram_7,IMU,GX,0.0,2023-07-06 13:19:36,95941
75587,time,Histogram_7,IMU,GY,0.0,2023-07-06 13:19:36,95941
75588,time,Histogram_7,IMU,GZ,45305.0,2023-07-06 13:19:36,95941
75589,time,Histogram_7,ACC,X,4822.0,2023-07-06 13:19:36,95941
75590,time,Histogram_7,ACC,Y,4693.0,2023-07-06 13:19:36,95941
75591,time,Histogram_7,ACC,Z,55.0,2023-07-06 13:19:36,95941
75592,frequency,Histogram_7,CBM,X,265.0,2023-07-06 13:19:36,95941
75593,frequency,Histogram_7,CBM,Y,8.0,2023-07-06 13:19:36,95941
75594,frequency,Histogram_7,CBM,Z,2.0,2023-07-06 13:19:36,95941
75595,time,Histogram_8,IMU,X,8558.0,2023-07-06 13:19:36,95941
75596,time,Histogram_8,IMU,Y,0.0,2023-07-06 13:19:36,95941
75597,time,Histogram_8,IMU,Z,0.0,2023-07-06 13:19:36,95941
75598,time,Histogram_8,IMU,GX,0.0,2023-07-06 13:19:36,95941
75599,time,Histogram_8,IMU,GY,0.0,2023-07-06 13:19:36,95941
75600,time,Histogram_8,IMU,GZ,47.0,2023-07-06 13:19:36,95941
75601,time,Histogram_8,ACC,X,33283.0,2023-07-06 13:19:36,95941
75602,time,Histogram_8,ACC,Y,1248.0,2023-07-06 13:19:36,95941
75603,time,Histogram_8,ACC,Z,49.0,2023-07-06 13:19:36,95941
75604,frequency,Histogram_8,CBM,X,347.0,2023-07-06 13:19:36,95941
75605,frequency,Histogram_8,CBM,Y,0.0,2023-07-06 13:19:36,95941
75606,frequency,Histogram_8,CBM,Z,1.0,2023-07-06 13:19:36,95941
75607,time,Histogram_9,IMU,X,268313.0,2023-07-06 13:19:36,95941
75608,time,Histogram_9,IMU,Y,0.0,2023-07-06 13:19:36,95941
75609,time,Histogram_9,IMU,Z,0.0,2023-07-06 13:19:36,95941
75610,time,Histogram_9,IMU,GX,0.0,2023-07-06 13:19:36,95941
75611,time,Histogram_9,IMU,GY,0.0,2023-07-06 13:19:36,95941
75612,time,Histogram_9,IMU,GZ,0.0,2023-07-06 13:19:36,95941
75613,time,Histogram_9,ACC,X,375074.0,2023-07-06 13:19:36,95941
75614,time,Histogram_9,ACC,Y,256.0,2023-07-06 13:19:36,95941
75615,time,Histogram_9,ACC,Z,45.0,2023-07-06 13:19:36,95941
75616,frequency,Histogram_9,CBM,X,325.0,2023-07-06 13:19:36,95941
75617,frequency,Histogram_9,CBM,Y,1.0,2023-07-06 13:19:36,95941
75618,frequency,Histogram_9,CBM,Z,0.0,2023-07-06 13:19:36,95941
75619,time,Interquartile range,IMU,X,0.0107421875,2023-07-06 13:19:36,95941
75620,time,Interquartile range,IMU,Y,0.01025390625,2023-07-06 13:19:36,95941
75621,time,Interquartile range,IMU,Z,0.00537109375,2023-07-06 13:19:36,95941
75622,time,Interquartile range,IMU,GX,0.0625,2023-07-06 13:19:36,95941
75623,time,Interquartile range,IMU,GY,0.1005859375,2023-07-06 13:19:36,95941
75624,time,Interquartile range,IMU,GZ,0.10009765625,2023-07-06 13:19:36,95941
75625,time,Interquartile range,ACC,X,0.0859375,2023-07-06 13:19:36,95941
75626,time,Interquartile range,ACC,Y,0.078125,2023-07-06 13:19:36,95941
75627,time,Interquartile range,ACC,Z,0.09375,2023-07-06 13:19:36,95941
75628,frequency,Interquartile range,CBM,X,0.5958630192307693,2023-07-06 13:19:36,95941
75629,frequency,Interquartile range,CBM,Y,0.04400769230769231,2023-07-06 13:19:36,95941
75630,frequency,Interquartile range,CBM,Z,0.05500961538461539,2023-07-06 13:19:36,95941
75631,time,Kurtosis,IMU,X,11.415949318116313,2023-07-06 13:19:36,95941
75632,time,Kurtosis,IMU,Y,26.590524952846447,2023-07-06 13:19:36,95941
75633,time,Kurtosis,IMU,Z,15.315359293320537,2023-07-06 13:19:36,95941
75634,time,Kurtosis,IMU,GX,0.10315672208564308,2023-07-06 13:19:36,95941
75635,time,Kurtosis,IMU,GY,0.03393120784044967,2023-07-06 13:19:36,95941
75636,time,Kurtosis,IMU,GZ,0.008091963353304976,2023-07-06 13:19:36,95941
75637,time,Kurtosis,ACC,X,648.2827652262646,2023-07-06 13:19:36,95941
75638,time,Kurtosis,ACC,Y,784.5914312755349,2023-07-06 13:19:36,95941
75639,time,Kurtosis,ACC,Z,370.2897461785363,2023-07-06 13:19:36,95941
75640,frequency,Kurtosis,CBM,X,18.323934211671837,2023-07-06 13:19:36,95941
75641,frequency,Kurtosis,CBM,Y,373.1110151550911,2023-07-06 13:19:36,95941
75642,frequency,Kurtosis,CBM,Z,20.214214863493158,2023-07-06 13:19:36,95941
75643,time,Max,IMU,X,1.123046875,2023-07-06 13:19:36,95941
75644,time,Max,IMU,Y,0.355224609375,2023-07-06 13:19:36,95941
75645,time,Max,IMU,Z,-0.34033203125,2023-07-06 13:19:36,95941
75646,time,Max,IMU,GX,-0.90625,2023-07-06 13:19:36,95941
75647,time,Max,IMU,GY,-1.162109375,2023-07-06 13:19:36,95941
75648,time,Max,IMU,GZ,0.6875,2023-07-06 13:19:36,95941
75649,time,Max,ACC,X,12.640625,2023-07-06 13:19:36,95941
75650,time,Max,ACC,Y,15.9921875,2023-07-06 13:19:36,95941
75651,time,Max,ACC,Z,7.8828125,2023-07-06 13:19:36,95941
75652,frequency,Max,CBM,X,9.049390615384615,2023-07-06 13:19:36,95941
75653,frequency,Max,CBM,Y,3.1422384615384615,2023-07-06 13:19:36,95941
75654,frequency,Max,CBM,Z,0.7883609230769231,2023-07-06 13:19:36,95941
75655,time,Mean,IMU,X,0.8521874999295328,2023-07-06 13:19:36,95941
75656,time,Mean,IMU,Y,-0.01584529540888784,2023-07-06 13:19:36,95941
75657,time,Mean,IMU,Z,-0.4803297649194825,2023-07-06 13:19:36,95941
75658,time,Mean,IMU,GX,-1.2242725893991866,2023-07-06 13:19:36,95941
75659,time,Mean,IMU,GY,-1.538296119986344,2023-07-06 13:19:36,95941
75660,time,Mean,IMU,GZ,0.33113041539559124,2023-07-06 13:19:36,95941
75661,time,Mean,ACC,X,0.8896462099697373,2023-07-06 13:19:36,95941
75662,time,Mean,ACC,Y,-0.024478308001535717,2023-07-06 13:19:36,95941
75663,time,Mean,ACC,Z,-0.44925774280697395,2023-07-06 13:19:36,95941
75664,frequency,Mean,CBM,X,1.0767800906224154,2023-07-06 13:19:36,95941
75665,frequency,Mean,CBM,Y,0.04626953329197685,2023-07-06 13:19:36,95941
75666,frequency,Mean,CBM,Z,0.045826496329611256,2023-07-06 13:19:36,95941
75667,time,Mean absolute deviation,IMU,X,0.013423251322000007,2023-07-06 13:19:36,95941
75668,time,Mean absolute deviation,IMU,Y,0.013823768557550997,2023-07-06 13:19:36,95941
75669,time,Mean absolute deviation,IMU,Z,0.006548847576645572,2023-07-06 13:19:36,95941
75670,time,Mean absolute deviation,IMU,GX,0.03540118735486986,2023-07-06 13:19:36,95941
75671,time,Mean absolute deviation,IMU,GY,0.05858874355533593,2023-07-06 13:19:36,95941
75672,time,Mean absolute deviation,IMU,GZ,0.05872582076610731,2023-07-06 13:19:36,95941
75673,time,Mean absolute deviation,ACC,X,0.06875090962080152,2023-07-06 13:19:36,95941
75674,time,Mean absolute deviation,ACC,Y,0.09350798098647829,2023-07-06 13:19:36,95941
75675,time,Mean absolute deviation,ACC,Z,0.07486319062469579,2023-07-06 13:19:36,95941
75676,frequency,Mean absolute deviation,CBM,X,0.47734130610558584,2023-07-06 13:19:36,95941
75677,frequency,Mean absolute deviation,CBM,Y,0.04690890544732828,2023-07-06 13:19:36,95941
75678,frequency,Mean absolute deviation,CBM,Z,0.04282487322247682,2023-07-06 13:19:36,95941
75679,time,Median,IMU,X,0.85205078125,2023-07-06 13:19:36,95941
75680,time,Median,IMU,Y,-0.015869140625,2023-07-06 13:19:36,95941
75681,time,Median,IMU,Z,-0.48046875,2023-07-06 13:19:36,95941
75682,time,Median,IMU,GX,-1.224609375,2023-07-06 13:19:36,95941
75683,time,Median,IMU,GY,-1.537109375,2023-07-06 13:19:36,95941
75684,time,Median,IMU,GZ,0.331298828125,2023-07-06 13:19:36,95941
75685,time,Median,ACC,X,0.8828125,2023-07-06 13:19:36,95941
75686,time,Median,ACC,Y,-0.0234375,2023-07-06 13:19:36,95941
75687,time,Median,ACC,Z,-0.453125,2023-07-06 13:19:36,95941
75688,frequency,Median,CBM,X,0.8617143461538461,2023-07-06 13:19:36,95941
75689,frequency,Median,CBM,Y,0.018334615384615387,2023-07-06 13:19:36,95941
75690,frequency,Median,CBM,Z,0.022003846153846155,2023-07-06 13:19:36,95941
75691,time,Median absolute deviation,IMU,X,0.00537109375,2023-07-06 13:19:36,95941
75692,time,Median absolute deviation,IMU,Y,0.005126953125,2023-07-06 13:19:36,95941
75693,time,Median absolute deviation,IMU,Z,0.0029296875,2023-07-06 13:19:36,95941
75694,time,Median absolute deviation,IMU,GX,0.03125,2023-07-06 13:19:36,95941
75695,time,Median absolute deviation,IMU,GY,0.0498046875,2023-07-06 13:19:36,95941
75696,time,Median absolute deviation,IMU,GZ,0.050048828125,2023-07-06 13:19:36,95941
75697,time,Median absolute deviation,ACC,X,0.0390625,2023-07-06 13:19:36,95941
75698,time,Median absolute deviation,ACC,Y,0.0390625,2023-07-06 13:19:36,95941
75699,time,Median absolute deviation,ACC,Z,0.046875,2023-07-06 13:19:36,95941
75700,frequency,Median absolute deviation,CBM,X,0.25118588461538455,2023-07-06 13:19:36,95941
75701,frequency,Median absolute deviation,CBM,Y,0.014671153846153848,2023-07-06 13:19:36,95941
75702,frequency,Median absolute deviation,CBM,Z,0.014669230769230771,2023-07-06 13:19:36,95941
75703,time,Min,IMU,X,0.54150390625,2023-07-06 13:19:36,95941
75704,time,Min,IMU,Y,-0.4091796875,2023-07-06 13:19:36,95941
75705,time,Min,IMU,Z,-0.634765625,2023-07-06 13:19:36,95941
75706,time,Min,IMU,GX,-1.5,2023-07-06 13:19:36,95941
75707,time,Min,IMU,GY,-1.900390625,2023-07-06 13:19:36,95941
75708,time,Min,IMU,GZ,0.0,2023-07-06 13:19:36,95941
75709,time,Min,ACC,X,-9.171875,2023-07-06 13:19:36,95941
75710,time,Min,ACC,Y,-15.75,2023-07-06 13:19:36,95941
75711,time,Min,ACC,Z,-7.2578125,2023-07-06 13:19:36,95941
75712,frequency,Min,CBM,X,0.29701892307692307,2023-07-06 13:19:36,95941
75713,frequency,Min,CBM,Y,0.0,2023-07-06 13:19:36,95941
75714,frequency,Min,CBM,Z,0.0,2023-07-06 13:19:36,95941
75715,time,Root mean square,IMU,X,0.85256177657405,2023-07-06 13:19:36,95941
75716,time,Root mean square,IMU,Y,0.03372784315915214,2023-07-06 13:19:36,95941
75717,time,Root mean square,IMU,Z,0.4804868911984804,2023-07-06 13:19:36,95941
75718,time,Root mean square,IMU,GX,1.2250765653555202,2023-07-06 13:19:36,95941
75719,time,Root mean square,IMU,GY,1.5400534619806046,2023-07-06 13:19:36,95941
75720,time,Root mean square,IMU,GZ,0.33922862073130916,2023-07-06 13:19:36,95941
75721,time,Root mean square,ACC,X,0.9057907516238021,2023-07-06 13:19:36,95941
75722,time,Root mean square,ACC,Y,0.295321508564901,2023-07-06 13:19:36,95941
75723,time,Root mean square,ACC,Z,0.47334333657169836,2023-07-06 13:19:36,95941
75724,frequency,Root mean square,CBM,X,1.2947804792430058,2023-07-06 13:19:36,95941
75725,frequency,Root mean square,CBM,Y,0.1294255756064642,2023-07-06 13:19:36,95941
75726,frequency,Root mean square,CBM,Z,0.07673036718057405,2023-07-06 13:19:36,95941
75727,time,Skewness,IMU,X,-0.011815363425364241,2023-07-06 13:19:36,95941
75728,time,Skewness,IMU,Y,-0.09361228853964666,2023-07-06 13:19:36,95941
75729,time,Skewness,IMU,Z,-0.041538461022075944,2023-07-06 13:19:36,95941
75730,time,Skewness,IMU,GX,-0.014319053714041595,2023-07-06 13:19:36,95941
75731,time,Skewness,IMU,GY,-0.00528524996180523,2023-07-06 13:19:36,95941
75732,time,Skewness,IMU,GZ,0.002370500525125112,2023-07-06 13:19:36,95941
75733,time,Skewness,ACC,X,0.947878383034469,2023-07-06 13:19:36,95941
75734,time,Skewness,ACC,Y,-1.1072730031274503,2023-07-06 13:19:36,95941
75735,time,Skewness,ACC,Z,3.3330376345596378,2023-07-06 13:19:36,95941
75736,frequency,Skewness,CBM,X,3.2130690544844094,2023-07-06 13:19:36,95941
75737,frequency,Skewness,CBM,Y,16.48061008575909,2023-07-06 13:19:36,95941
75738,frequency,Skewness,CBM,Z,3.203285658799732,2023-07-06 13:19:36,95941
75739,time,Standard deviation,IMU,X,0.025259608844019968,2023-07-06 13:19:36,95941
75740,time,Standard deviation,IMU,Y,0.029774049398317393,2023-07-06 13:19:36,95941
75741,time,Standard deviation,IMU,Z,0.012286966508258631,2023-07-06 13:19:36,95941
75742,time,Standard deviation,IMU,GX,0.04437586989670116,2023-07-06 13:19:36,95941
75743,time,Standard deviation,IMU,GY,0.07355075114099636,2023-07-06 13:19:36,95941
75744,time,Standard deviation,IMU,GZ,0.0736797470354614,2023-07-06 13:19:36,95941
75745,time,Standard deviation,ACC,X,0.17025424169075593,2023-07-06 13:19:36,95941
75746,time,Standard deviation,ACC,Y,0.29430529362964386,2023-07-06 13:19:36,95941
75747,time,Standard deviation,ACC,Z,0.14906842323178623,2023-07-06 13:19:36,95941
75748,frequency,Standard deviation,CBM,X,0.719027903400091,2023-07-06 13:19:36,95941
75749,frequency,Standard deviation,CBM,Y,0.12087228760144827,2023-07-06 13:19:36,95941
75750,frequency,Standard deviation,CBM,Z,0.061542517675326244,2023-07-06 13:19:36,95941
75751,time,Variance,IMU,X,0.0006380478389528918,2023-07-06 13:19:36,95941
75752,time,Variance,IMU,Y,0.0008864940175734443,2023-07-06 13:19:36,95941
75753,time,Variance,IMU,Z,0.00015096954597506928,2023-07-06 13:19:36,95941
75754,time,Variance,IMU,GX,0.0019692178290889486,2023-07-06 13:19:36,95941
75755,time,Variance,IMU,GY,0.005409712993404777,2023-07-06 13:19:36,95941
75756,time,Variance,IMU,GZ,0.005428705123209584,2023-07-06 13:19:36,95941
75757,time,Variance,ACC,X,0.02898650681369433,2023-07-06 13:19:36,95941
75758,time,Variance,ACC,Y,0.0866156058584309,2023-07-06 13:19:36,95941
75759,time,Variance,ACC,Z,0.02222139480481095,2023-07-06 13:19:36,95941
75760,frequency,Variance,CBM,X,0.5170011258679307,2023-07-06 13:19:36,95941
75761,frequency,Variance,CBM,Y,0.014610109910007227,2023-07-06 13:19:36,95941
75762,frequency,Variance,CBM,Z,0.0037874814818178435,2023-07-06 13:19:36,95941
75763,time,Absolute energy,IMU,X,201462.77120232582,2023-07-06 13:19:36,95941
75764,time,Absolute energy,IMU,Y,315.29728227853775,2023-07-06 13:19:36,95941
75765,time,Absolute energy,IMU,Z,63989.12553960085,2023-07-06 13:19:36,95941
75766,time,Absolute energy,IMU,GX,415977.2242176533,2023-07-06 13:19:36,95941
75767,time,Absolute energy,IMU,GY,657377.2688789368,2023-07-06 13:19:36,95941
75768,time,Absolute energy,IMU,GZ,31895.4006007415,2023-07-06 13:19:36,95941
75769,time,Absolute energy,ACC,X,363290.10443115234,2023-07-06 13:19:36,95941
75770,time,Absolute energy,ACC,Y,38617.83837890625,2023-07-06 13:19:36,95941
75771,time,Absolute energy,ACC,Z,99208.83270263672,2023-07-06 13:19:36,95941
75772,frequency,Absolute energy,CBM,X,2494.5672562699765,2023-07-06 13:19:36,95941
75773,frequency,Absolute energy,CBM,Y,24.92545767614409,2023-07-06 13:19:36,95941
75774,frequency,Absolute energy,CBM,Z,8.760673280526586,2023-07-06 13:19:36,95941
75775,time,Area under the curve,IMU,X,129.07009277343747,2023-07-06 13:19:36,95941
75776,time,Area under the curve,IMU,Y,2.7800861963158354,2023-07-06 13:19:36,95941
75777,time,Area under the curve,IMU,Z,72.74948623740605,2023-07-06 13:19:36,95941
75778,time,Area under the curve,IMU,GX,185.4251387465848,2023-07-06 13:19:36,95941
75779,time,Area under the curve,IMU,GY,232.98632305541304,2023-07-06 13:19:36,95941
75780,time,Area under the curve,IMU,GZ,50.152137281074054,2023-07-06 13:19:36,95941
75781,time,Area under the curve,ACC,X,143.45813068181883,2023-07-06 13:19:36,95941
75782,time,Area under the curve,ACC,Y,10.43811931818212,2023-07-06 13:19:36,95941
75783,time,Area under the curve,ACC,Z,72.74821875000042,2023-07-06 13:19:36,95941
75784,frequency,Area under the curve,CBM,X,0.08004680133653848,2023-07-06 13:19:36,95941
75785,frequency,Area under the curve,CBM,Y,0.0034421782288461588,2023-07-06 13:19:36,95941
75786,frequency,Area under the curve,CBM,Z,0.003409032961538463,2023-07-06 13:19:36,95941
75787,time,Autocorrelation,IMU,X,201462.77120232582,2023-07-06 13:19:36,95941
75788,time,Autocorrelation,IMU,Y,315.29728227853775,2023-07-06 13:19:36,95941
75789,time,Autocorrelation,IMU,Z,63989.12553960085,2023-07-06 13:19:36,95941
75790,time,Autocorrelation,IMU,GX,415977.2242176533,2023-07-06 13:19:36,95941
75791,time,Autocorrelation,IMU,GY,657377.2688789368,2023-07-06 13:19:36,95941
75792,time,Autocorrelation,IMU,GZ,31895.4006007415,2023-07-06 13:19:36,95941
75793,time,Autocorrelation,ACC,X,363290.10443115234,2023-07-06 13:19:36,95941
75794,time,Autocorrelation,ACC,Y,38617.83837890625,2023-07-06 13:19:36,95941
75795,time,Autocorrelation,ACC,Z,99208.83270263672,2023-07-06 13:19:36,95941
75796,frequency,Autocorrelation,CBM,X,2494.5672562699765,2023-07-06 13:19:36,95941
75797,frequency,Autocorrelation,CBM,Y,24.9254576761441,2023-07-06 13:19:36,95941
75798,frequency,Autocorrelation,CBM,Z,8.760673280526587,2023-07-06 13:19:36,95941
75799,time,Centroid,IMU,X,75.76008434677645,2023-07-06 13:19:36,95941
75800,time,Centroid,IMU,Y,104.6928763217857,2023-07-06 13:19:36,95941
75801,time,Centroid,IMU,Z,75.75105702370251,2023-07-06 13:19:36,95941
75802,time,Centroid,IMU,GX,75.74185012307558,2023-07-06 13:19:36,95941
75803,time,Centroid,IMU,GY,75.76250152107326,2023-07-06 13:19:36,95941
75804,time,Centroid,IMU,GZ,75.77669913015654,2023-07-06 13:19:36,95941
75805,time,Centroid,ACC,X,80.96685872357548,2023-07-06 13:19:36,95941
75806,time,Centroid,ACC,Y,91.00130734181887,2023-07-06 13:19:36,95941
75807,time,Centroid,ACC,Z,81.95542488236067,2023-07-06 13:19:36,95941
75808,frequency,Centroid,CBM,X,0.02897393197063925,2023-07-06 13:19:36,95941
75809,frequency,Centroid,CBM,Y,0.0476755603534752,2023-07-06 13:19:36,95941
75810,frequency,Centroid,CBM,Z,0.02799528892315787,2023-07-06 13:19:36,95941
75811,time,Entropy,IMU,X,0.3866303626309052,2023-07-06 13:19:36,95941
75812,time,Entropy,IMU,Y,0.43999169141102956,2023-07-06 13:19:36,95941
75813,time,Entropy,IMU,Z,0.3322866909395842,2023-07-06 13:19:36,95941
75814,time,Entropy,IMU,GX,0.26951015592236344,2023-07-06 13:19:36,95941
75815,time,Entropy,IMU,GY,0.25442913353659047,2023-07-06 13:19:36,95941
75816,time,Entropy,IMU,GZ,0.31002773585684795,2023-07-06 13:19:36,95941
75817,time,Entropy,ACC,X,0.28458492291341564,2023-07-06 13:19:36,95941
75818,time,Entropy,ACC,Y,0.2969077127519607,2023-07-06 13:19:36,95941
75819,time,Entropy,ACC,Z,0.29623055991490216,2023-07-06 13:19:36,95941
75820,frequency,Entropy,CBM,X,0.9996174022863887,2023-07-06 13:19:36,95941
75821,frequency,Entropy,CBM,Y,0.5199656479923834,2023-07-06 13:19:36,95941
75822,frequency,Entropy,CBM,Z,0.551605717079196,2023-07-06 13:19:36,95941
75823,time,Mean absolute diff,IMU,X,0.01992381532106546,2023-07-06 13:19:36,95941
75824,time,Mean absolute diff,IMU,Y,0.02012163241018727,2023-07-06 13:19:36,95941
75825,time,Mean absolute diff,IMU,Z,0.009926997208023503,2023-07-06 13:19:36,95941
75826,time,Mean absolute diff,IMU,GX,0.03337403321485783,2023-07-06 13:19:36,95941
75827,time,Mean absolute diff,IMU,GY,0.05530514362167033,2023-07-06 13:19:36,95941
75828,time,Mean absolute diff,IMU,GZ,0.05462166623103693,2023-07-06 13:19:36,95941
75829,time,Mean absolute diff,ACC,X,0.10187251998130036,2023-07-06 13:19:36,95941
75830,time,Mean absolute diff,ACC,Y,0.1430357136807825,2023-07-06 13:19:36,95941
75831,time,Mean absolute diff,ACC,Z,0.10465329564420074,2023-07-06 13:19:36,95941
75832,frequency,Mean absolute diff,CBM,X,0.12853370994775232,2023-07-06 13:19:36,95941
75833,frequency,Mean absolute diff,CBM,Y,0.017747828927629196,2023-07-06 13:19:36,95941
75834,frequency,Mean absolute diff,CBM,Z,0.01473928736226786,2023-07-06 13:19:36,95941
75835,time,Mean diff,IMU,X,-1.286030849632171e-07,2023-07-06 13:19:36,95941
75836,time,Mean diff,IMU,Y,2.9067820573877843e-08,2023-07-06 13:19:36,95941
75837,time,Mean diff,IMU,Z,-1.4093488763092287e-08,2023-07-06 13:19:36,95941
75838,time,Mean diff,IMU,GX,4.580383848004993e-08,2023-07-06 13:19:36,95941
75839,time,Mean diff,IMU,GY,-6.306836221483799e-07,2023-07-06 13:19:36,95941
75840,time,Mean diff,IMU,GZ,-2.712996586895265e-07,2023-07-06 13:19:36,95941
75841,time,Mean diff,ACC,X,2.82301502521517e-07,2023-07-06 13:19:36,95941
75842,time,Mean diff,ACC,Y,-2.82301502521517e-07,2023-07-06 13:19:36,95941
75843,time,Mean diff,ACC,Z,-1.7643843907594814e-07,2023-07-06 13:19:36,95941
75844,frequency,Mean diff,CBM,X,-0.0011047255185970713,2023-07-06 13:19:36,95941
75845,frequency,Mean diff,CBM,Y,7.398737778697829e-06,2023-07-06 13:19:36,95941
75846,frequency,Mean diff,CBM,Z,1.2329936371631149e-05,2023-07-06 13:19:36,95941
75847,time,Median absolute diff,IMU,X,0.00390625,2023-07-06 13:19:36,95941
75848,time,Median absolute diff,IMU,Y,0.00341796875,2023-07-06 13:19:36,95941
75849,time,Median absolute diff,IMU,Z,0.0029296875,2023-07-06 13:19:36,95941
75850,time,Median absolute diff,IMU,GX,0.025390625,2023-07-06 13:19:36,95941
75851,time,Median absolute diff,IMU,GY,0.0498046875,2023-07-06 13:19:36,95941
75852,time,Median absolute diff,IMU,GZ,0.043701171875,2023-07-06 13:19:36,95941
75853,time,Median absolute diff,ACC,X,0.0546875,2023-07-06 13:19:36,95941
75854,time,Median absolute diff,ACC,Y,0.0625,2023-07-06 13:19:36,95941
75855,time,Median absolute diff,ACC,Z,0.0703125,2023-07-06 13:19:36,95941
75856,frequency,Median absolute diff,CBM,X,0.07330446153846149,2023-07-06 13:19:36,95941
75857,frequency,Median absolute diff,CBM,Y,0.007334615384615385,2023-07-06 13:19:36,95941
75858,frequency,Median absolute diff,CBM,Z,0.007334615384615387,2023-07-06 13:19:36,95941
75859,time,Median diff,IMU,X,0.0,2023-07-06 13:19:36,95941
75860,time,Median diff,IMU,Y,0.000244140625,2023-07-06 13:19:36,95941
75861,time,Median diff,IMU,Z,0.0,2023-07-06 13:19:36,95941
75862,time,Median diff,IMU,GX,0.0,2023-07-06 13:19:36,95941
75863,time,Median diff,IMU,GY,0.0,2023-07-06 13:19:36,95941
75864,time,Median diff,IMU,GZ,0.0,2023-07-06 13:19:36,95941
75865,time,Median diff,ACC,X,0.0,2023-07-06 13:19:36,95941
75866,time,Median diff,ACC,Y,0.0,2023-07-06 13:19:36,95941
75867,time,Median diff,ACC,Z,0.0,2023-07-06 13:19:36,95941
75868,frequency,Median diff,CBM,X,-0.0036796923076922727,2023-07-06 13:19:36,95941
75869,frequency,Median diff,CBM,Y,0.0,2023-07-06 13:19:36,95941
75870,frequency,Median diff,CBM,Z,0.0,2023-07-06 13:19:36,95941
75871,time,Negative turning points,IMU,X,68527.0,2023-07-06 13:19:36,95941
75872,time,Negative turning points,IMU,Y,70595.0,2023-07-06 13:19:36,95941
75873,time,Negative turning points,IMU,Z,72944.0,2023-07-06 13:19:36,95941
75874,time,Negative turning points,IMU,GX,55423.0,2023-07-06 13:19:36,95941
75875,time,Negative turning points,IMU,GY,53068.0,2023-07-06 13:19:36,95941
75876,time,Negative turning points,IMU,GZ,56540.0,2023-07-06 13:19:36,95941
75877,time,Negative turning points,ACC,X,136140.0,2023-07-06 13:19:36,95941
75878,time,Negative turning points,ACC,Y,137448.0,2023-07-06 13:19:36,95941
75879,time,Negative turning points,ACC,Z,134419.0,2023-07-06 13:19:36,95941
75880,frequency,Negative turning points,CBM,X,363.0,2023-07-06 13:19:36,95941
75881,frequency,Negative turning points,CBM,Y,296.0,2023-07-06 13:19:36,95941
75882,frequency,Negative turning points,CBM,Z,281.0,2023-07-06 13:19:36,95941
75883,time,Neighbourhood peaks,IMU,X,10358.0,2023-07-06 13:19:36,95941
75884,time,Neighbourhood peaks,IMU,Y,11437.0,2023-07-06 13:19:36,95941
75885,time,Neighbourhood peaks,IMU,Z,11407.0,2023-07-06 13:19:36,95941
75886,time,Neighbourhood peaks,IMU,GX,10950.0,2023-07-06 13:19:36,95941
75887,time,Neighbourhood peaks,IMU,GY,10620.0,2023-07-06 13:19:36,95941
75888,time,Neighbourhood peaks,IMU,GZ,11674.0,2023-07-06 13:19:36,95941
75889,time,Neighbourhood peaks,ACC,X,16309.0,2023-07-06 13:19:36,95941
75890,time,Neighbourhood peaks,ACC,Y,18890.0,2023-07-06 13:19:36,95941
75891,time,Neighbourhood peaks,ACC,Z,18680.0,2023-07-06 13:19:36,95941
75892,frequency,Neighbourhood peaks,CBM,X,59.0,2023-07-06 13:19:36,95941
75893,frequency,Neighbourhood peaks,CBM,Y,55.0,2023-07-06 13:19:36,95941
75894,frequency,Neighbourhood peaks,CBM,Z,49.0,2023-07-06 13:19:36,95941
75895,time,Peak to peak distance,IMU,X,0.58154296875,2023-07-06 13:19:36,95941
75896,time,Peak to peak distance,IMU,Y,0.764404296875,2023-07-06 13:19:36,95941
75897,time,Peak to peak distance,IMU,Z,0.29443359375,2023-07-06 13:19:36,95941
75898,time,Peak to peak distance,IMU,GX,0.59375,2023-07-06 13:19:36,95941
75899,time,Peak to peak distance,IMU,GY,0.73828125,2023-07-06 13:19:36,95941
75900,time,Peak to peak distance,IMU,GZ,0.6875,2023-07-06 13:19:36,95941
75901,time,Peak to peak distance,ACC,X,21.8125,2023-07-06 13:19:36,95941
75902,time,Peak to peak distance,ACC,Y,31.7421875,2023-07-06 13:19:36,95941
75903,time,Peak to peak distance,ACC,Z,15.140625,2023-07-06 13:19:36,95941
75904,frequency,Peak to peak distance,CBM,X,8.752371692307692,2023-07-06 13:19:36,95941
75905,frequency,Peak to peak distance,CBM,Y,3.1422384615384615,2023-07-06 13:19:36,95941
75906,frequency,Peak to peak distance,CBM,Z,0.7883609230769231,2023-07-06 13:19:36,95941
75907,time,Positive turning points,IMU,X,68598.0,2023-07-06 13:19:36,95941
75908,time,Positive turning points,IMU,Y,70547.0,2023-07-06 13:19:36,95941
75909,time,Positive turning points,IMU,Z,72625.0,2023-07-06 13:19:36,95941
75910,time,Positive turning points,IMU,GX,55168.0,2023-07-06 13:19:36,95941
75911,time,Positive turning points,IMU,GY,53078.0,2023-07-06 13:19:36,95941
75912,time,Positive turning points,IMU,GZ,56567.0,2023-07-06 13:19:36,95941
75913,time,Positive turning points,ACC,X,135832.0,2023-07-06 13:19:36,95941
75914,time,Positive turning points,ACC,Y,134261.0,2023-07-06 13:19:36,95941
75915,time,Positive turning points,ACC,Z,134835.0,2023-07-06 13:19:36,95941
75916,frequency,Positive turning points,CBM,X,363.0,2023-07-06 13:19:36,95941
75917,frequency,Positive turning points,CBM,Y,322.0,2023-07-06 13:19:36,95941
75918,frequency,Positive turning points,CBM,Z,307.0,2023-07-06 13:19:36,95941
75919,time,Signal distance,IMU,X,277412.67563438235,2023-07-06 13:19:36,95941
75920,time,Signal distance,IMU,Y,277496.14969950664,2023-07-06 13:19:36,95941
75921,time,Signal distance,IMU,Z,277224.247964063,2023-07-06 13:19:36,95941
75922,time,Signal distance,IMU,GX,277418.90758141124,2023-07-06 13:19:36,95941
75923,time,Signal distance,IMU,GY,277857.4498725046,2023-07-06 13:19:36,95941
75924,time,Signal distance,IMU,GZ,277837.20826282876,2023-07-06 13:19:36,95941
75925,time,Signal distance,ACC,X,450453.4658540825,2023-07-06 13:19:36,95941
75926,time,Signal distance,ACC,Y,459198.5656588784,2023-07-06 13:19:36,95941
75927,time,Signal distance,ACC,Z,448934.7873739433,2023-07-06 13:19:36,95941
75928,frequency,Signal distance,CBM,X,1525.7285268317887,2023-07-06 13:19:36,95941
75929,frequency,Signal distance,CBM,Y,1490.6126965766412,2023-07-06 13:19:36,95941
75930,frequency,Signal distance,CBM,Z,1487.8013702699589,2023-07-06 13:19:36,95941
75931,time,Slope,IMU,X,-1.413236390052181e-10,2023-07-06 13:19:36,95941
75932,time,Slope,IMU,Y,-2.637282292022858e-10,2023-07-06 13:19:36,95941
75933,time,Slope,IMU,Z,1.279588268143221e-11,2023-07-06 13:19:36,95941
75934,time,Slope,IMU,GX,-2.007887782472027e-09,2023-07-06 13:19:36,95941
75935,time,Slope,IMU,GY,-7.05905057506597e-09,2023-07-06 13:19:36,95941
75936,time,Slope,IMU,GZ,1.492355892349904e-09,2023-07-06 13:19:36,95941
75937,time,Slope,ACC,X,2.2432986677231882e-09,2023-07-06 13:19:36,95941
75938,time,Slope,ACC,Y,4.8181438010049666e-09,2023-07-06 13:19:36,95941
75939,time,Slope,ACC,Z,1.6426639074170647e-09,2023-07-06 13:19:36,95941
75940,frequency,Slope,CBM,X,-0.0005622109760354108,2023-07-06 13:19:36,95941
75941,frequency,Slope,CBM,Y,-1.741066921899392e-05,2023-07-06 13:19:36,95941
75942,frequency,Slope,CBM,Z,-4.345411583055251e-05,2023-07-06 13:19:36,95941
75943,time,Sum absolute diff,IMU,X,5522.22412109375,2023-07-06 13:19:36,95941
75944,time,Sum absolute diff,IMU,Y,5577.052490234375,2023-07-06 13:19:36,95941
75945,time,Sum absolute diff,IMU,Z,2751.43603515625,2023-07-06 13:19:36,95941
75946,time,Sum absolute diff,IMU,GX,9250.1806640625,2023-07-06 13:19:36,95941
75947,time,Sum absolute diff,IMU,GY,15328.7607421875,2023-07-06 13:19:36,95941
75948,time,Sum absolute diff,IMU,GZ,15139.323364257812,2023-07-06 13:19:36,95941
75949,time,Sum absolute diff,ACC,X,45108.03125,2023-07-06 13:19:36,95941
75950,time,Sum absolute diff,ACC,Y,63334.640625,2023-07-06 13:19:36,95941
75951,time,Sum absolute diff,ACC,Z,46339.328125,2023-07-06 13:19:36,95941
75952,frequency,Sum absolute diff,CBM,X,191.12962669230768,2023-07-06 13:19:36,95941
75953,frequency,Sum absolute diff,CBM,Y,26.391021615384616,2023-07-06 13:19:36,95941
75954,frequency,Sum absolute diff,CBM,Z,21.917320307692307,2023-07-06 13:19:36,95941
75955,time,Total energy,IMU,X,1330.1614957778388,2023-07-06 13:19:36,95941
75956,time,Total energy,IMU,Y,2.0817558604369353,2023-07-06 13:19:36,95941
75957,time,Total energy,IMU,Z,422.4893285905954,2023-07-06 13:19:36,95941
75958,time,Total energy,IMU,GX,2746.496950640969,2023-07-06 13:19:36,95941
75959,time,Total energy,IMU,GY,4340.344997955941,2023-07-06 13:19:36,95941
75960,time,Total energy,IMU,GZ,210.5899443272718,2023-07-06 13:19:36,95941
75961,time,Total energy,ACC,X,2256.261531306489,2023-07-06 13:19:36,95941
75962,time,Total energy,ACC,Y,239.8412235669635,2023-07-06 13:19:36,95941
75963,time,Total energy,ACC,Z,616.1496557779235,2023-07-06 13:19:36,95941
75964,frequency,Total energy,CBM,X,33551.67795924649,2023-07-06 13:19:36,95941
75965,frequency,Total energy,CBM,Y,335.2448914074525,2023-07-06 13:19:36,95941
75966,frequency,Total energy,CBM,Z,117.83017189679335,2023-07-06 13:19:36,95941
75967,time,Zero crossing rate,IMU,X,0.0,2023-07-06 13:19:36,95941
75968,time,Zero crossing rate,IMU,Y,47313.0,2023-07-06 13:19:36,95941
75969,time,Zero crossing rate,IMU,Z,0.0,2023-07-06 13:19:36,95941
75970,time,Zero crossing rate,IMU,GX,0.0,2023-07-06 13:19:36,95941
75971,time,Zero crossing rate,IMU,GY,0.0,2023-07-06 13:19:36,95941
75972,time,Zero crossing rate,IMU,GZ,2.0,2023-07-06 13:19:36,95941
75973,time,Zero crossing rate,ACC,X,673.0,2023-07-06 13:19:36,95941
75974,time,Zero crossing rate,ACC,Y,251884.0,2023-07-06 13:19:36,95941
75975,time,Zero crossing rate,ACC,Z,2454.0,2023-07-06 13:19:36,95941
75976,frequency,Zero crossing rate,CBM,X,0.0,2023-07-06 13:19:36,95941
75977,frequency,Zero crossing rate,CBM,Y,269.0,2023-07-06 13:19:36,95941
75978,frequency,Zero crossing rate,CBM,Z,179.0,2023-07-06 13:19:36,95941
75979,time,ECDF_0,IMU,X,1.6815483697388557e-05,2023-07-06 13:19:36,95942
75980,time,ECDF_0,IMU,Y,1.6815483697388557e-05,2023-07-06 13:19:36,95942
75981,time,ECDF_0,IMU,Z,1.6815483697388557e-05,2023-07-06 13:19:36,95942
75982,time,ECDF_0,IMU,GX,1.6815483697388557e-05,2023-07-06 13:19:36,95942
75983,time,ECDF_0,IMU,GY,1.6815483697388557e-05,2023-07-06 13:19:36,95942
75984,time,ECDF_0,IMU,GZ,1.6815483697388557e-05,2023-07-06 13:19:36,95942
75985,time,ECDF_0,ACC,X,1.0762640721527434e-05,2023-07-06 13:19:36,95942
75986,time,ECDF_0,ACC,Y,1.0762640721527434e-05,2023-07-06 13:19:36,95942
75987,time,ECDF_0,ACC,Z,1.0762640721527434e-05,2023-07-06 13:19:36,95942
75988,frequency,ECDF_0,CBM,X,0.0006720430107526882,2023-07-06 13:19:36,95942
75989,frequency,ECDF_0,CBM,Y,0.0006720430107526882,2023-07-06 13:19:36,95942
75990,frequency,ECDF_0,CBM,Z,0.0006720430107526882,2023-07-06 13:19:36,95942
75991,time,ECDF_1,IMU,X,3.3630967394777113e-05,2023-07-06 13:19:36,95942
75992,time,ECDF_1,IMU,Y,3.3630967394777113e-05,2023-07-06 13:19:36,95942
75993,time,ECDF_1,IMU,Z,3.3630967394777113e-05,2023-07-06 13:19:36,95942
75994,time,ECDF_1,IMU,GX,3.3630967394777113e-05,2023-07-06 13:19:36,95942
75995,time,ECDF_1,IMU,GY,3.3630967394777113e-05,2023-07-06 13:19:36,95942
75996,time,ECDF_1,IMU,GZ,3.3630967394777113e-05,2023-07-06 13:19:36,95942
75997,time,ECDF_1,ACC,X,2.1525281443054868e-05,2023-07-06 13:19:36,95942
75998,time,ECDF_1,ACC,Y,2.1525281443054868e-05,2023-07-06 13:19:36,95942
75999,time,ECDF_1,ACC,Z,2.1525281443054868e-05,2023-07-06 13:19:36,95942
76000,frequency,ECDF_1,CBM,X,0.0013440860215053765,2023-07-06 13:19:36,95942
76001,frequency,ECDF_1,CBM,Y,0.0013440860215053765,2023-07-06 13:19:36,95942
76002,frequency,ECDF_1,CBM,Z,0.0013440860215053765,2023-07-06 13:19:36,95942
76003,time,ECDF_2,IMU,X,5.044645109216567e-05,2023-07-06 13:19:36,95942
76004,time,ECDF_2,IMU,Y,5.044645109216567e-05,2023-07-06 13:19:36,95942
76005,time,ECDF_2,IMU,Z,5.044645109216567e-05,2023-07-06 13:19:36,95942
76006,time,ECDF_2,IMU,GX,5.044645109216567e-05,2023-07-06 13:19:36,95942
76007,time,ECDF_2,IMU,GY,5.044645109216567e-05,2023-07-06 13:19:36,95942
76008,time,ECDF_2,IMU,GZ,5.044645109216567e-05,2023-07-06 13:19:36,95942
76009,time,ECDF_2,ACC,X,3.22879221645823e-05,2023-07-06 13:19:36,95942
76010,time,ECDF_2,ACC,Y,3.22879221645823e-05,2023-07-06 13:19:36,95942
76011,time,ECDF_2,ACC,Z,3.22879221645823e-05,2023-07-06 13:19:36,95942
76012,frequency,ECDF_2,CBM,X,0.0020161290322580645,2023-07-06 13:19:36,95942
76013,frequency,ECDF_2,CBM,Y,0.0020161290322580645,2023-07-06 13:19:36,95942
76014,frequency,ECDF_2,CBM,Z,0.0020161290322580645,2023-07-06 13:19:36,95942
76015,time,ECDF_3,IMU,X,6.726193478955423e-05,2023-07-06 13:19:36,95942
76016,time,ECDF_3,IMU,Y,6.726193478955423e-05,2023-07-06 13:19:36,95942
76017,time,ECDF_3,IMU,Z,6.726193478955423e-05,2023-07-06 13:19:36,95942
76018,time,ECDF_3,IMU,GX,6.726193478955423e-05,2023-07-06 13:19:36,95942
76019,time,ECDF_3,IMU,GY,6.726193478955423e-05,2023-07-06 13:19:36,95942
76020,time,ECDF_3,IMU,GZ,6.726193478955423e-05,2023-07-06 13:19:36,95942
76021,time,ECDF_3,ACC,X,4.3050562886109735e-05,2023-07-06 13:19:36,95942
76022,time,ECDF_3,ACC,Y,4.3050562886109735e-05,2023-07-06 13:19:36,95942
76023,time,ECDF_3,ACC,Z,4.3050562886109735e-05,2023-07-06 13:19:36,95942
76024,frequency,ECDF_3,CBM,X,0.002688172043010753,2023-07-06 13:19:36,95942
76025,frequency,ECDF_3,CBM,Y,0.002688172043010753,2023-07-06 13:19:36,95942
76026,frequency,ECDF_3,CBM,Z,0.002688172043010753,2023-07-06 13:19:36,95942
76027,time,ECDF_4,IMU,X,8.407741848694277e-05,2023-07-06 13:19:36,95942
76028,time,ECDF_4,IMU,Y,8.407741848694277e-05,2023-07-06 13:19:36,95942
76029,time,ECDF_4,IMU,Z,8.407741848694277e-05,2023-07-06 13:19:36,95942
76030,time,ECDF_4,IMU,GX,8.407741848694277e-05,2023-07-06 13:19:36,95942
76031,time,ECDF_4,IMU,GY,8.407741848694277e-05,2023-07-06 13:19:36,95942
76032,time,ECDF_4,IMU,GZ,8.407741848694277e-05,2023-07-06 13:19:36,95942
76033,time,ECDF_4,ACC,X,5.381320360763717e-05,2023-07-06 13:19:36,95942
76034,time,ECDF_4,ACC,Y,5.381320360763717e-05,2023-07-06 13:19:36,95942
76035,time,ECDF_4,ACC,Z,5.381320360763717e-05,2023-07-06 13:19:36,95942
76036,frequency,ECDF_4,CBM,X,0.003360215053763441,2023-07-06 13:19:36,95942
76037,frequency,ECDF_4,CBM,Y,0.003360215053763441,2023-07-06 13:19:36,95942
76038,frequency,ECDF_4,CBM,Z,0.003360215053763441,2023-07-06 13:19:36,95942
76039,time,ECDF_5,IMU,X,0.00010089290218433133,2023-07-06 13:19:36,95942
76040,time,ECDF_5,IMU,Y,0.00010089290218433133,2023-07-06 13:19:36,95942
76041,time,ECDF_5,IMU,Z,0.00010089290218433133,2023-07-06 13:19:36,95942
76042,time,ECDF_5,IMU,GX,0.00010089290218433133,2023-07-06 13:19:36,95942
76043,time,ECDF_5,IMU,GY,0.00010089290218433133,2023-07-06 13:19:36,95942
76044,time,ECDF_5,IMU,GZ,0.00010089290218433133,2023-07-06 13:19:36,95942
76045,time,ECDF_5,ACC,X,6.45758443291646e-05,2023-07-06 13:19:36,95942
76046,time,ECDF_5,ACC,Y,6.45758443291646e-05,2023-07-06 13:19:36,95942
76047,time,ECDF_5,ACC,Z,6.45758443291646e-05,2023-07-06 13:19:36,95942
76048,frequency,ECDF_5,CBM,X,0.004032258064516129,2023-07-06 13:19:36,95942
76049,frequency,ECDF_5,CBM,Y,0.004032258064516129,2023-07-06 13:19:36,95942
76050,frequency,ECDF_5,CBM,Z,0.004032258064516129,2023-07-06 13:19:36,95942
76051,time,ECDF_6,IMU,X,0.0001177083858817199,2023-07-06 13:19:36,95942
76052,time,ECDF_6,IMU,Y,0.0001177083858817199,2023-07-06 13:19:36,95942
76053,time,ECDF_6,IMU,Z,0.0001177083858817199,2023-07-06 13:19:36,95942
76054,time,ECDF_6,IMU,GX,0.0001177083858817199,2023-07-06 13:19:36,95942
76055,time,ECDF_6,IMU,GY,0.0001177083858817199,2023-07-06 13:19:36,95942
76056,time,ECDF_6,IMU,GZ,0.0001177083858817199,2023-07-06 13:19:36,95942
76057,time,ECDF_6,ACC,X,7.533848505069204e-05,2023-07-06 13:19:36,95942
76058,time,ECDF_6,ACC,Y,7.533848505069204e-05,2023-07-06 13:19:36,95942
76059,time,ECDF_6,ACC,Z,7.533848505069204e-05,2023-07-06 13:19:36,95942
76060,frequency,ECDF_6,CBM,X,0.004704301075268817,2023-07-06 13:19:36,95942
76061,frequency,ECDF_6,CBM,Y,0.004704301075268817,2023-07-06 13:19:36,95942
76062,frequency,ECDF_6,CBM,Z,0.004704301075268817,2023-07-06 13:19:36,95942
76063,time,ECDF_7,IMU,X,0.00013452386957910845,2023-07-06 13:19:36,95942
76064,time,ECDF_7,IMU,Y,0.00013452386957910845,2023-07-06 13:19:36,95942
76065,time,ECDF_7,IMU,Z,0.00013452386957910845,2023-07-06 13:19:36,95942
76066,time,ECDF_7,IMU,GX,0.00013452386957910845,2023-07-06 13:19:36,95942
76067,time,ECDF_7,IMU,GY,0.00013452386957910845,2023-07-06 13:19:36,95942
76068,time,ECDF_7,IMU,GZ,0.00013452386957910845,2023-07-06 13:19:36,95942
76069,time,ECDF_7,ACC,X,8.610112577221947e-05,2023-07-06 13:19:36,95942
76070,time,ECDF_7,ACC,Y,8.610112577221947e-05,2023-07-06 13:19:36,95942
76071,time,ECDF_7,ACC,Z,8.610112577221947e-05,2023-07-06 13:19:36,95942
76072,frequency,ECDF_7,CBM,X,0.005376344086021506,2023-07-06 13:19:36,95942
76073,frequency,ECDF_7,CBM,Y,0.005376344086021506,2023-07-06 13:19:36,95942
76074,frequency,ECDF_7,CBM,Z,0.005376344086021506,2023-07-06 13:19:36,95942
76075,time,ECDF_8,IMU,X,0.000151339353276497,2023-07-06 13:19:36,95942
76076,time,ECDF_8,IMU,Y,0.000151339353276497,2023-07-06 13:19:36,95942
76077,time,ECDF_8,IMU,Z,0.000151339353276497,2023-07-06 13:19:36,95942
76078,time,ECDF_8,IMU,GX,0.000151339353276497,2023-07-06 13:19:36,95942
76079,time,ECDF_8,IMU,GY,0.000151339353276497,2023-07-06 13:19:36,95942
76080,time,ECDF_8,IMU,GZ,0.000151339353276497,2023-07-06 13:19:36,95942
76081,time,ECDF_8,ACC,X,9.68637664937469e-05,2023-07-06 13:19:36,95942
76082,time,ECDF_8,ACC,Y,9.68637664937469e-05,2023-07-06 13:19:36,95942
76083,time,ECDF_8,ACC,Z,9.68637664937469e-05,2023-07-06 13:19:36,95942
76084,frequency,ECDF_8,CBM,X,0.006048387096774193,2023-07-06 13:19:36,95942
76085,frequency,ECDF_8,CBM,Y,0.006048387096774193,2023-07-06 13:19:36,95942
76086,frequency,ECDF_8,CBM,Z,0.006048387096774193,2023-07-06 13:19:36,95942
76087,time,ECDF_9,IMU,X,0.00016815483697388555,2023-07-06 13:19:36,95942
76088,time,ECDF_9,IMU,Y,0.00016815483697388555,2023-07-06 13:19:36,95942
76089,time,ECDF_9,IMU,Z,0.00016815483697388555,2023-07-06 13:19:36,95942
76090,time,ECDF_9,IMU,GX,0.00016815483697388555,2023-07-06 13:19:36,95942
76091,time,ECDF_9,IMU,GY,0.00016815483697388555,2023-07-06 13:19:36,95942
76092,time,ECDF_9,IMU,GZ,0.00016815483697388555,2023-07-06 13:19:36,95942
76093,time,ECDF_9,ACC,X,0.00010762640721527433,2023-07-06 13:19:36,95942
76094,time,ECDF_9,ACC,Y,0.00010762640721527433,2023-07-06 13:19:36,95942
76095,time,ECDF_9,ACC,Z,0.00010762640721527433,2023-07-06 13:19:36,95942
76096,frequency,ECDF_9,CBM,X,0.006720430107526882,2023-07-06 13:19:36,95942
76097,frequency,ECDF_9,CBM,Y,0.006720430107526882,2023-07-06 13:19:36,95942
76098,frequency,ECDF_9,CBM,Z,0.006720430107526882,2023-07-06 13:19:36,95942
76099,time,ECDF Percentile_0,IMU,X,0.84765625,2023-07-06 13:19:36,95942
76100,time,ECDF Percentile_0,IMU,Y,-0.020263671875,2023-07-06 13:19:36,95942
76101,time,ECDF Percentile_0,IMU,Z,-0.48291015625,2023-07-06 13:19:36,95942
76102,time,ECDF Percentile_0,IMU,GX,-1.2626953125,2023-07-06 13:19:36,95942
76103,time,ECDF Percentile_0,IMU,GY,-1.599609375,2023-07-06 13:19:36,95942
76104,time,ECDF Percentile_0,IMU,GZ,0.268798828125,2023-07-06 13:19:36,95942
76105,time,ECDF Percentile_0,ACC,X,0.8515625,2023-07-06 13:19:36,95942
76106,time,ECDF Percentile_0,ACC,Y,-0.0625,2023-07-06 13:19:36,95942
76107,time,ECDF Percentile_0,ACC,Z,-0.5,2023-07-06 13:19:36,95942
76108,frequency,ECDF Percentile_0,CBM,X,0.2622,2023-07-06 13:19:36,95942
76109,frequency,ECDF Percentile_0,CBM,Y,0.0,2023-07-06 13:19:36,95942
76110,frequency,ECDF Percentile_0,CBM,Z,0.0,2023-07-06 13:19:36,95942
76111,time,ECDF Percentile_1,IMU,X,0.85693359375,2023-07-06 13:19:36,95942
76112,time,ECDF Percentile_1,IMU,Y,-0.01123046875,2023-07-06 13:19:36,95942
76113,time,ECDF Percentile_1,IMU,Z,-0.47802734375,2023-07-06 13:19:36,95942
76114,time,ECDF Percentile_1,IMU,GX,-1.1875,2023-07-06 13:19:36,95942
76115,time,ECDF Percentile_1,IMU,GY,-1.474609375,2023-07-06 13:19:36,95942
76116,time,ECDF Percentile_1,IMU,GZ,0.393798828125,2023-07-06 13:19:36,95942
76117,time,ECDF Percentile_1,ACC,X,0.9296875,2023-07-06 13:19:36,95942
76118,time,ECDF Percentile_1,ACC,Y,0.0,2023-07-06 13:19:36,95942
76119,time,ECDF Percentile_1,ACC,Z,-0.40625,2023-07-06 13:19:36,95942
76120,frequency,ECDF Percentile_1,CBM,X,0.5005865,2023-07-06 13:19:36,95942
76121,frequency,ECDF Percentile_1,CBM,Y,0.0,2023-07-06 13:19:36,95942
76122,frequency,ECDF Percentile_1,CBM,Z,0.0,2023-07-06 13:19:36,95942
76123,time,ECDF Percentile Count_0,IMU,X,11893.0,2023-07-06 13:19:36,95942
76124,time,ECDF Percentile Count_0,IMU,Y,11893.0,2023-07-06 13:19:36,95942
76125,time,ECDF Percentile Count_0,IMU,Z,11893.0,2023-07-06 13:19:36,95942
76126,time,ECDF Percentile Count_0,IMU,GX,11893.0,2023-07-06 13:19:36,95942
76127,time,ECDF Percentile Count_0,IMU,GY,11893.0,2023-07-06 13:19:36,95942
76128,time,ECDF Percentile Count_0,IMU,GZ,11893.0,2023-07-06 13:19:36,95942
76129,time,ECDF Percentile Count_0,ACC,X,18582.0,2023-07-06 13:19:36,95942
76130,time,ECDF Percentile Count_0,ACC,Y,18582.0,2023-07-06 13:19:36,95942
76131,time,ECDF Percentile Count_0,ACC,Z,18582.0,2023-07-06 13:19:36,95942
76132,frequency,ECDF Percentile Count_0,CBM,X,297.0,2023-07-06 13:19:36,95942
76133,frequency,ECDF Percentile Count_0,CBM,Y,0.0,2023-07-06 13:19:36,95942
76134,frequency,ECDF Percentile Count_0,CBM,Z,297.0,2023-07-06 13:19:36,95942
76135,time,ECDF Percentile Count_1,IMU,X,47575.0,2023-07-06 13:19:36,95942
76136,time,ECDF Percentile Count_1,IMU,Y,47575.0,2023-07-06 13:19:36,95942
76137,time,ECDF Percentile Count_1,IMU,Z,47575.0,2023-07-06 13:19:36,95942
76138,time,ECDF Percentile Count_1,IMU,GX,47575.0,2023-07-06 13:19:36,95942
76139,time,ECDF Percentile Count_1,IMU,GY,47575.0,2023-07-06 13:19:36,95942
76140,time,ECDF Percentile Count_1,IMU,GZ,47575.0,2023-07-06 13:19:36,95942
76141,time,ECDF Percentile Count_1,ACC,X,74331.0,2023-07-06 13:19:36,95942
76142,time,ECDF Percentile Count_1,ACC,Y,74331.0,2023-07-06 13:19:36,95942
76143,time,ECDF Percentile Count_1,ACC,Z,74331.0,2023-07-06 13:19:36,95942
76144,frequency,ECDF Percentile Count_1,CBM,X,1190.0,2023-07-06 13:19:36,95942
76145,frequency,ECDF Percentile Count_1,CBM,Y,0.0,2023-07-06 13:19:36,95942
76146,frequency,ECDF Percentile Count_1,CBM,Z,1190.0,2023-07-06 13:19:36,95942
76147,time,Histogram_0,IMU,X,0.0,2023-07-06 13:19:36,95942
76148,time,Histogram_0,IMU,Y,0.0,2023-07-06 13:19:36,95942
76149,time,Histogram_0,IMU,Z,0.0,2023-07-06 13:19:36,95942
76150,time,Histogram_0,IMU,GX,0.0,2023-07-06 13:19:36,95942
76151,time,Histogram_0,IMU,GY,0.0,2023-07-06 13:19:36,95942
76152,time,Histogram_0,IMU,GZ,0.0,2023-07-06 13:19:36,95942
76153,time,Histogram_0,ACC,X,0.0,2023-07-06 13:19:36,95942
76154,time,Histogram_0,ACC,Y,0.0,2023-07-06 13:19:36,95942
76155,time,Histogram_0,ACC,Z,0.0,2023-07-06 13:19:36,95942
76156,frequency,Histogram_0,CBM,X,0.0,2023-07-06 13:19:36,95942
76157,frequency,Histogram_0,CBM,Y,0.0,2023-07-06 13:19:36,95942
76158,frequency,Histogram_0,CBM,Z,0.0,2023-07-06 13:19:36,95942
76159,time,Histogram_1,IMU,X,0.0,2023-07-06 13:19:36,95942
76160,time,Histogram_1,IMU,Y,0.0,2023-07-06 13:19:36,95942
76161,time,Histogram_1,IMU,Z,0.0,2023-07-06 13:19:36,95942
76162,time,Histogram_1,IMU,GX,0.0,2023-07-06 13:19:36,95942
76163,time,Histogram_1,IMU,GY,0.0,2023-07-06 13:19:36,95942
76164,time,Histogram_1,IMU,GZ,0.0,2023-07-06 13:19:36,95942
76165,time,Histogram_1,ACC,X,0.0,2023-07-06 13:19:36,95942
76166,time,Histogram_1,ACC,Y,0.0,2023-07-06 13:19:36,95942
76167,time,Histogram_1,ACC,Z,60.0,2023-07-06 13:19:36,95942
76168,frequency,Histogram_1,CBM,X,0.0,2023-07-06 13:19:36,95942
76169,frequency,Histogram_1,CBM,Y,0.0,2023-07-06 13:19:36,95942
76170,frequency,Histogram_1,CBM,Z,0.0,2023-07-06 13:19:36,95942
76171,time,Histogram_2,IMU,X,0.0,2023-07-06 13:19:36,95942
76172,time,Histogram_2,IMU,Y,0.0,2023-07-06 13:19:36,95942
76173,time,Histogram_2,IMU,Z,59469.0,2023-07-06 13:19:36,95942
76174,time,Histogram_2,IMU,GX,0.0,2023-07-06 13:19:36,95942
76175,time,Histogram_2,IMU,GY,0.0,2023-07-06 13:19:36,95942
76176,time,Histogram_2,IMU,GZ,0.0,2023-07-06 13:19:36,95942
76177,time,Histogram_2,ACC,X,0.0,2023-07-06 13:19:36,95942
76178,time,Histogram_2,ACC,Y,0.0,2023-07-06 13:19:36,95942
76179,time,Histogram_2,ACC,Z,75259.0,2023-07-06 13:19:36,95942
76180,frequency,Histogram_2,CBM,X,0.0,2023-07-06 13:19:36,95942
76181,frequency,Histogram_2,CBM,Y,0.0,2023-07-06 13:19:36,95942
76182,frequency,Histogram_2,CBM,Z,0.0,2023-07-06 13:19:36,95942
76183,time,Histogram_3,IMU,X,0.0,2023-07-06 13:19:36,95942
76184,time,Histogram_3,IMU,Y,0.0,2023-07-06 13:19:36,95942
76185,time,Histogram_3,IMU,Z,0.0,2023-07-06 13:19:36,95942
76186,time,Histogram_3,IMU,GX,0.0,2023-07-06 13:19:36,95942
76187,time,Histogram_3,IMU,GY,0.0,2023-07-06 13:19:36,95942
76188,time,Histogram_3,IMU,GZ,0.0,2023-07-06 13:19:36,95942
76189,time,Histogram_3,ACC,X,0.0,2023-07-06 13:19:36,95942
76190,time,Histogram_3,ACC,Y,14.0,2023-07-06 13:19:36,95942
76191,time,Histogram_3,ACC,Z,17592.0,2023-07-06 13:19:36,95942
76192,frequency,Histogram_3,CBM,X,0.0,2023-07-06 13:19:36,95942
76193,frequency,Histogram_3,CBM,Y,0.0,2023-07-06 13:19:36,95942
76194,frequency,Histogram_3,CBM,Z,0.0,2023-07-06 13:19:36,95942
76195,time,Histogram_4,IMU,X,0.0,2023-07-06 13:19:36,95942
76196,time,Histogram_4,IMU,Y,59244.0,2023-07-06 13:19:36,95942
76197,time,Histogram_4,IMU,Z,0.0,2023-07-06 13:19:36,95942
76198,time,Histogram_4,IMU,GX,0.0,2023-07-06 13:19:36,95942
76199,time,Histogram_4,IMU,GY,0.0,2023-07-06 13:19:36,95942
76200,time,Histogram_4,IMU,GZ,0.0,2023-07-06 13:19:36,95942
76201,time,Histogram_4,ACC,X,0.0,2023-07-06 13:19:36,95942
76202,time,Histogram_4,ACC,Y,58081.0,2023-07-06 13:19:36,95942
76203,time,Histogram_4,ACC,Z,3.0,2023-07-06 13:19:36,95942
76204,frequency,Histogram_4,CBM,X,0.0,2023-07-06 13:19:36,95942
76205,frequency,Histogram_4,CBM,Y,0.0,2023-07-06 13:19:36,95942
76206,frequency,Histogram_4,CBM,Z,0.0,2023-07-06 13:19:36,95942
76207,time,Histogram_5,IMU,X,0.0,2023-07-06 13:19:36,95942
76208,time,Histogram_5,IMU,Y,225.0,2023-07-06 13:19:36,95942
76209,time,Histogram_5,IMU,Z,0.0,2023-07-06 13:19:36,95942
76210,time,Histogram_5,IMU,GX,0.0,2023-07-06 13:19:36,95942
76211,time,Histogram_5,IMU,GY,0.0,2023-07-06 13:19:36,95942
76212,time,Histogram_5,IMU,GZ,2313.0,2023-07-06 13:19:36,95942
76213,time,Histogram_5,ACC,X,0.0,2023-07-06 13:19:36,95942
76214,time,Histogram_5,ACC,Y,34801.0,2023-07-06 13:19:36,95942
76215,time,Histogram_5,ACC,Z,0.0,2023-07-06 13:19:36,95942
76216,frequency,Histogram_5,CBM,X,137.0,2023-07-06 13:19:36,95942
76217,frequency,Histogram_5,CBM,Y,1481.0,2023-07-06 13:19:36,95942
76218,frequency,Histogram_5,CBM,Z,1485.0,2023-07-06 13:19:36,95942
76219,time,Histogram_6,IMU,X,0.0,2023-07-06 13:19:36,95942
76220,time,Histogram_6,IMU,Y,0.0,2023-07-06 13:19:36,95942
76221,time,Histogram_6,IMU,Z,0.0,2023-07-06 13:19:36,95942
76222,time,Histogram_6,IMU,GX,0.0,2023-07-06 13:19:36,95942
76223,time,Histogram_6,IMU,GY,0.0,2023-07-06 13:19:36,95942
76224,time,Histogram_6,IMU,GZ,47356.0,2023-07-06 13:19:36,95942
76225,time,Histogram_6,ACC,X,0.0,2023-07-06 13:19:36,95942
76226,time,Histogram_6,ACC,Y,18.0,2023-07-06 13:19:36,95942
76227,time,Histogram_6,ACC,Z,0.0,2023-07-06 13:19:36,95942
76228,frequency,Histogram_6,CBM,X,646.0,2023-07-06 13:19:36,95942
76229,frequency,Histogram_6,CBM,Y,4.0,2023-07-06 13:19:36,95942
76230,frequency,Histogram_6,CBM,Z,3.0,2023-07-06 13:19:36,95942
76231,time,Histogram_7,IMU,X,0.0,2023-07-06 13:19:36,95942
76232,time,Histogram_7,IMU,Y,0.0,2023-07-06 13:19:36,95942
76233,time,Histogram_7,IMU,Z,0.0,2023-07-06 13:19:36,95942
76234,time,Histogram_7,IMU,GX,0.0,2023-07-06 13:19:36,95942
76235,time,Histogram_7,IMU,GY,0.0,2023-07-06 13:19:36,95942
76236,time,Histogram_7,IMU,GZ,9788.0,2023-07-06 13:19:36,95942
76237,time,Histogram_7,ACC,X,0.0,2023-07-06 13:19:36,95942
76238,time,Histogram_7,ACC,Y,0.0,2023-07-06 13:19:36,95942
76239,time,Histogram_7,ACC,Z,0.0,2023-07-06 13:19:36,95942
76240,frequency,Histogram_7,CBM,X,575.0,2023-07-06 13:19:36,95942
76241,frequency,Histogram_7,CBM,Y,2.0,2023-07-06 13:19:36,95942
76242,frequency,Histogram_7,CBM,Z,0.0,2023-07-06 13:19:36,95942
76243,time,Histogram_8,IMU,X,0.0,2023-07-06 13:19:36,95942
76244,time,Histogram_8,IMU,Y,0.0,2023-07-06 13:19:36,95942
76245,time,Histogram_8,IMU,Z,0.0,2023-07-06 13:19:36,95942
76246,time,Histogram_8,IMU,GX,0.0,2023-07-06 13:19:36,95942
76247,time,Histogram_8,IMU,GY,0.0,2023-07-06 13:19:36,95942
76248,time,Histogram_8,IMU,GZ,12.0,2023-07-06 13:19:36,95942
76249,time,Histogram_8,ACC,X,1089.0,2023-07-06 13:19:36,95942
76250,time,Histogram_8,ACC,Y,0.0,2023-07-06 13:19:36,95942
76251,time,Histogram_8,ACC,Z,0.0,2023-07-06 13:19:36,95942
76252,frequency,Histogram_8,CBM,X,93.0,2023-07-06 13:19:36,95942
76253,frequency,Histogram_8,CBM,Y,1.0,2023-07-06 13:19:36,95942
76254,frequency,Histogram_8,CBM,Z,0.0,2023-07-06 13:19:36,95942
76255,time,Histogram_9,IMU,X,59469.0,2023-07-06 13:19:36,95942
76256,time,Histogram_9,IMU,Y,0.0,2023-07-06 13:19:36,95942
76257,time,Histogram_9,IMU,Z,0.0,2023-07-06 13:19:36,95942
76258,time,Histogram_9,IMU,GX,0.0,2023-07-06 13:19:36,95942
76259,time,Histogram_9,IMU,GY,0.0,2023-07-06 13:19:36,95942
76260,time,Histogram_9,IMU,GZ,0.0,2023-07-06 13:19:36,95942
76261,time,Histogram_9,ACC,X,91407.0,2023-07-06 13:19:36,95942
76262,time,Histogram_9,ACC,Y,0.0,2023-07-06 13:19:36,95942
76263,time,Histogram_9,ACC,Z,0.0,2023-07-06 13:19:36,95942
76264,frequency,Histogram_9,CBM,X,14.0,2023-07-06 13:19:36,95942
76265,frequency,Histogram_9,CBM,Y,0.0,2023-07-06 13:19:36,95942
76266,frequency,Histogram_9,CBM,Z,0.0,2023-07-06 13:19:36,95942
76267,time,Interquartile range,IMU,X,0.00732421875,2023-07-06 13:19:36,95942
76268,time,Interquartile range,IMU,Y,0.007080078125,2023-07-06 13:19:36,95942
76269,time,Interquartile range,IMU,Z,0.00390625,2023-07-06 13:19:36,95942
76270,time,Interquartile range,IMU,GX,0.0625,2023-07-06 13:19:36,95942
76271,time,Interquartile range,IMU,GY,0.1005859375,2023-07-06 13:19:36,95942
76272,time,Interquartile range,IMU,GZ,0.10009765625,2023-07-06 13:19:36,95942
76273,time,Interquartile range,ACC,X,0.0546875,2023-07-06 13:19:36,95942
76274,time,Interquartile range,ACC,Y,0.0625,2023-07-06 13:19:36,95942
76275,time,Interquartile range,ACC,Z,0.078125,2023-07-06 13:19:36,95942
76276,frequency,Interquartile range,CBM,X,0.19068850000000004,2023-07-06 13:19:36,95942
76277,frequency,Interquartile range,CBM,Y,0.0,2023-07-06 13:19:36,95942
76278,frequency,Interquartile range,CBM,Z,0.0,2023-07-06 13:19:36,95942
76279,time,Kurtosis,IMU,X,3.0426657653565075,2023-07-06 13:19:36,95942
76280,time,Kurtosis,IMU,Y,0.8359085866397087,2023-07-06 13:19:36,95942
76281,time,Kurtosis,IMU,Z,5.967726462560961,2023-07-06 13:19:36,95942
76282,time,Kurtosis,IMU,GX,-0.04748055579441912,2023-07-06 13:19:36,95942
76283,time,Kurtosis,IMU,GY,-0.009448224381948034,2023-07-06 13:19:36,95942
76284,time,Kurtosis,IMU,GZ,0.006686271836660929,2023-07-06 13:19:36,95942
76285,time,Kurtosis,ACC,X,0.49136301624802803,2023-07-06 13:19:36,95942
76286,time,Kurtosis,ACC,Y,1.3704530976205351,2023-07-06 13:19:36,95942
76287,time,Kurtosis,ACC,Z,0.36075440726336705,2023-07-06 13:19:36,95942
76288,frequency,Kurtosis,CBM,X,46.5000847021008,2023-07-06 13:19:36,95942
76289,frequency,Kurtosis,CBM,Y,290.86255831412,2023-07-06 13:19:36,95942
76290,frequency,Kurtosis,CBM,Z,438.47999559514994,2023-07-06 13:19:36,95942
76291,time,Max,IMU,X,0.89990234375,2023-07-06 13:19:36,95942
76292,time,Max,IMU,Y,0.015869140625,2023-07-06 13:19:36,95942
76293,time,Max,IMU,Z,-0.44384765625,2023-07-06 13:19:36,95942
76294,time,Max,IMU,GX,-1.0498046875,2023-07-06 13:19:36,95942
76295,time,Max,IMU,GY,-1.224609375,2023-07-06 13:19:36,95942
76296,time,Max,IMU,GZ,0.66259765625,2023-07-06 13:19:36,95942
76297,time,Max,ACC,X,1.15625,2023-07-06 13:19:36,95942
76298,time,Max,ACC,Y,0.2421875,2023-07-06 13:19:36,95942
76299,time,Max,ACC,Z,-0.1953125,2023-07-06 13:19:36,95942
76300,frequency,Max,CBM,X,3.31322,2023-07-06 13:19:36,95942
76301,frequency,Max,CBM,Y,0.71505,2023-07-06 13:19:36,95942
76302,frequency,Max,CBM,Z,0.3814,2023-07-06 13:19:36,95942
76303,time,Mean,IMU,X,0.8523630171943576,2023-07-06 13:19:36,95942
76304,time,Mean,IMU,Y,-0.015695024830426358,2023-07-06 13:19:36,95942
76305,time,Mean,IMU,Z,-0.48033551520802853,2023-07-06 13:19:36,95942
76306,time,Mean,IMU,GX,-1.223749683395971,2023-07-06 13:19:36,95942
76307,time,Mean,IMU,GY,-1.5376264018595822,2023-07-06 13:19:36,95942
76308,time,Mean,IMU,GZ,0.3320582501974752,2023-07-06 13:19:36,95942
76309,time,Mean,ACC,X,0.8894380825279291,2023-07-06 13:19:36,95942
76310,time,Mean,ACC,Y,-0.02516994882364337,2023-07-06 13:19:36,95942
76311,time,Mean,ACC,Z,-0.4499340451923284,2023-07-06 13:19:36,95942
76312,frequency,Mean,CBM,X,0.40505702318548387,2023-07-06 13:19:36,95942
76313,frequency,Mean,CBM,Y,0.0025308951612903227,2023-07-06 13:19:36,95942
76314,frequency,Mean,CBM,Z,0.0009932291666666668,2023-07-06 13:19:36,95942
76315,time,Mean absolute deviation,IMU,X,0.004639980607430285,2023-07-06 13:19:36,95942
76316,time,Mean absolute deviation,IMU,Y,0.004322295867563923,2023-07-06 13:19:36,95942
76317,time,Mean absolute deviation,IMU,Z,0.0028235695641594762,2023-07-06 13:19:36,95942
76318,time,Mean absolute deviation,IMU,GX,0.03479902821884014,2023-07-06 13:19:36,95942
76319,time,Mean absolute deviation,IMU,GY,0.058002568329643886,2023-07-06 13:19:36,95942
76320,time,Mean absolute deviation,IMU,GZ,0.05836613036312293,2023-07-06 13:19:36,95942
76321,time,Mean absolute deviation,ACC,X,0.0371850644208567,2023-07-06 13:19:36,95942
76322,time,Mean absolute deviation,ACC,Y,0.03763474172384842,2023-07-06 13:19:36,95942
76323,time,Mean absolute deviation,ACC,Z,0.04561033657979316,2023-07-06 13:19:36,95942
76324,frequency,Mean absolute deviation,CBM,X,0.131317213244938,2023-07-06 13:19:36,95942
76325,frequency,Mean absolute deviation,CBM,Y,0.005007362469649671,2023-07-06 13:19:36,95942
76326,frequency,Mean absolute deviation,CBM,Z,0.0019717734935035844,2023-07-06 13:19:36,95942
76327,time,Median,IMU,X,0.8525390625,2023-07-06 13:19:36,95942
76328,time,Median,IMU,Y,-0.015625,2023-07-06 13:19:36,95942
76329,time,Median,IMU,Z,-0.48046875,2023-07-06 13:19:36,95942
76330,time,Median,IMU,GX,-1.224609375,2023-07-06 13:19:36,95942
